{
    "records": [
        {
            "attributes": {
                "type": "PricebookEntry",
                "referenceId": "PricebookEntryRef1"
            },
            "IsActive": true,
            "UnitPrice": 25000,
            "Product2Id": "@Product2Ref1",
            "Pricebook2Id": "PutStandardPricebookHere",
            "UseStandardPrice": false
        },
        {
            "attributes": {
                "type": "PricebookEntry",
                "referenceId": "PricebookEntryRef3"
            },
            "IsActive": true,
            "UnitPrice": 5000,
            "Product2Id": "@Product2Ref2",
            "Pricebook2Id": "PutStandardPricebookHere",
            "UseStandardPrice": false
        },
        {
            "attributes": {
                "type": "PricebookEntry",
                "referenceId": "PricebookEntryRef5"
            },
            "IsActive": true,
            "UnitPrice": 85000,
            "Product2Id": "@Product2Ref3",
            "Pricebook2Id": "PutStandardPricebookHere",
            "UseStandardPrice": false
        },
        {
            "attributes": {
                "type": "PricebookEntry",
                "referenceId": "PricebookEntryRef7"
            },
            "IsActive": true,
            "UnitPrice": 20000,
            "Product2Id": "@Product2Ref4",
            "Pricebook2Id": "PutStandardPricebookHere",
            "UseStandardPrice": false
        },
        {
            "attributes": {
                "type": "PricebookEntry",
                "referenceId": "PricebookEntryRef9"
            },
            "IsActive": true,
            "UnitPrice": 50000,
            "Product2Id": "@Product2Ref5",
            "Pricebook2Id": "PutStandardPricebookHere",
            "UseStandardPrice": false
        },
        {
            "attributes": {
                "type": "PricebookEntry",
                "referenceId": "PricebookEntryRef11"
            },
            "IsActive": true,
            "UnitPrice": 40000,
            "Product2Id": "@Product2Ref6",
            "Pricebook2Id": "PutStandardPricebookHere",
            "UseStandardPrice": false
        },
        {
            "attributes": {
                "type": "PricebookEntry",
                "referenceId": "PricebookEntryRef13"
            },
            "IsActive": true,
            "UnitPrice": 15000,
            "Product2Id": "@Product2Ref7",
            "Pricebook2Id": "PutStandardPricebookHere",
            "UseStandardPrice": false
        },
        {
            "attributes": {
                "type": "PricebookEntry",
                "referenceId": "PricebookEntryRef15"
            },
            "IsActive": true,
            "UnitPrice": 120000,
            "Product2Id": "@Product2Ref8",
            "Pricebook2Id": "PutStandardPricebookHere",
            "UseStandardPrice": false
        },
        {
            "attributes": {
                "type": "PricebookEntry",
                "referenceId": "PricebookEntryRef17"
            },
            "IsActive": true,
            "UnitPrice": 100000,
            "Product2Id": "@Product2Ref9",
            "Pricebook2Id": "PutStandardPricebookHere",
            "UseStandardPrice": false
        },
        {
            "attributes": {
                "type": "PricebookEntry",
                "referenceId": "PricebookEntryRef19"
            },
            "IsActive": true,
            "UnitPrice": 10000,
            "Product2Id": "@Product2Ref10",
            "Pricebook2Id": "PutStandardPricebookHere",
            "UseStandardPrice": false
        },
        {
            "attributes": {
                "type": "PricebookEntry",
                "referenceId": "PricebookEntryRef21"
            },
            "IsActive": true,
            "UnitPrice": 75000,
            "Product2Id": "@Product2Ref11",
            "Pricebook2Id": "PutStandardPricebookHere",
            "UseStandardPrice": false
        },
        {
            "attributes": {
                "type": "PricebookEntry",
                "referenceId": "PricebookEntryRef23"
            },
            "IsActive": true,
            "UnitPrice": 5000,
            "Product2Id": "@Product2Ref12",
            "Pricebook2Id": "PutStandardPricebookHere",
            "UseStandardPrice": false
        },
        {
            "attributes": {
                "type": "PricebookEntry",
                "referenceId": "PricebookEntryRef25"
            },
            "IsActive": true,
            "UnitPrice": 30000,
            "Product2Id": "@Product2Ref13",
            "Pricebook2Id": "PutStandardPricebookHere",
            "UseStandardPrice": false
        },
        {
            "attributes": {
                "type": "PricebookEntry",
                "referenceId": "PricebookEntryRef27"
            },
            "IsActive": true,
            "UnitPrice": 35000,
            "Product2Id": "@Product2Ref14",
            "Pricebook2Id": "PutStandardPricebookHere",
            "UseStandardPrice": false
        },
        {
            "attributes": {
                "type": "PricebookEntry",
                "referenceId": "PricebookEntryRef29"
            },
            "IsActive": true,
            "UnitPrice": 20000,
            "Product2Id": "@Product2Ref15",
            "Pricebook2Id": "PutStandardPricebookHere",
            "UseStandardPrice": false
        },
        {
            "attributes": {
                "type": "PricebookEntry",
                "referenceId": "PricebookEntryRef31"
            },
            "IsActive": true,
            "UnitPrice": 150000,
            "Product2Id": "@Product2Ref16",
            "Pricebook2Id": "PutStandardPricebookHere",
            "UseStandardPrice": false
        },
        {
            "attributes": {
                "type": "PricebookEntry",
                "referenceId": "PricebookEntryRef33"
            },
            "IsActive": true,
            "UnitPrice": 50000,
            "Product2Id": "@Product2Ref17",
            "Pricebook2Id": "PutStandardPricebookHere",
            "UseStandardPrice": false
        },
        {
            "attributes": {
                "type": "PricebookEntry",
                "referenceId": "PricebookEntryRef35"
            },
            "IsActive": true,
            "UnitPrice": 35.99,
            "Product2Id": "@Product2Ref18",
            "Pricebook2Id": "PutStandardPricebookHere",
            "UseStandardPrice": false
        },
        {
            "attributes": {
                "type": "PricebookEntry",
                "referenceId": "PricebookEntryRef36"
            },
            "IsActive": true,
            "UnitPrice": 39.99,
            "Product2Id": "@Product2Ref18",
            "Pricebook2Id": "@Pricebook2Ref3",
            "UseStandardPrice": false
        },
        {
            "attributes": {
                "type": "PricebookEntry",
                "referenceId": "PricebookEntryRef37"
            },
            "IsActive": true,
            "UnitPrice": 35.99,
            "Product2Id": "@Product2Ref18",
            "Pricebook2Id": "@Pricebook2Ref4",
            "UseStandardPrice": false
        },
        {
            "attributes": {
                "type": "PricebookEntry",
                "referenceId": "PricebookEntryRef38"
            },
            "IsActive": true,
            "UnitPrice": 14.99,
            "Product2Id": "@Product2Ref19",
            "Pricebook2Id": "PutStandardPricebookHere",
            "UseStandardPrice": false
        },
        {
            "attributes": {
                "type": "PricebookEntry",
                "referenceId": "PricebookEntryRef39"
            },
            "IsActive": true,
            "UnitPrice": 16.99,
            "Product2Id": "@Product2Ref19",
            "Pricebook2Id": "@Pricebook2Ref3",
            "UseStandardPrice": false
        },
        {
            "attributes": {
                "type": "PricebookEntry",
                "referenceId": "PricebookEntryRef40"
            },
            "IsActive": true,
            "UnitPrice": 14.99,
            "Product2Id": "@Product2Ref19",
            "Pricebook2Id": "@Pricebook2Ref4",
            "UseStandardPrice": false
        },
        {
            "attributes": {
                "type": "PricebookEntry",
                "referenceId": "PricebookEntryRef41"
            },
            "IsActive": true,
            "UnitPrice": 17.95,
            "Product2Id": "@Product2Ref20",
            "Pricebook2Id": "PutStandardPricebookHere",
            "UseStandardPrice": false
        },
        {
            "attributes": {
                "type": "PricebookEntry",
                "referenceId": "PricebookEntryRef42"
            },
            "IsActive": true,
            "UnitPrice": 17.95,
            "Product2Id": "@Product2Ref20",
            "Pricebook2Id": "@Pricebook2Ref3",
            "UseStandardPrice": false
        },
        {
            "attributes": {
                "type": "PricebookEntry",
                "referenceId": "PricebookEntryRef43"
            },
            "IsActive": true,
            "UnitPrice": 17.95,
            "Product2Id": "@Product2Ref20",
            "Pricebook2Id": "@Pricebook2Ref4",
            "UseStandardPrice": false
        },
        {
            "attributes": {
                "type": "PricebookEntry",
                "referenceId": "PricebookEntryRef44"
            },
            "IsActive": true,
            "UnitPrice": 249,
            "Product2Id": "@Product2Ref21",
            "Pricebook2Id": "PutStandardPricebookHere",
            "UseStandardPrice": false
        },
        {
            "attributes": {
                "type": "PricebookEntry",
                "referenceId": "PricebookEntryRef45"
            },
            "IsActive": true,
            "UnitPrice": 229,
            "Product2Id": "@Product2Ref21",
            "Pricebook2Id": "@Pricebook2Ref3",
            "UseStandardPrice": false
        },
        {
            "attributes": {
                "type": "PricebookEntry",
                "referenceId": "PricebookEntryRef46"
            },
            "IsActive": true,
            "UnitPrice": 249,
            "Product2Id": "@Product2Ref21",
            "Pricebook2Id": "@Pricebook2Ref4",
            "UseStandardPrice": false
        },
        {
            "attributes": {
                "type": "PricebookEntry",
                "referenceId": "PricebookEntryRef47"
            },
            "IsActive": true,
            "UnitPrice": 524,
            "Product2Id": "@Product2Ref22",
            "Pricebook2Id": "PutStandardPricebookHere",
            "UseStandardPrice": false
        },
        {
            "attributes": {
                "type": "PricebookEntry",
                "referenceId": "PricebookEntryRef48"
            },
            "IsActive": true,
            "UnitPrice": 554,
            "Product2Id": "@Product2Ref22",
            "Pricebook2Id": "@Pricebook2Ref3",
            "UseStandardPrice": false
        },
        {
            "attributes": {
                "type": "PricebookEntry",
                "referenceId": "PricebookEntryRef49"
            },
            "IsActive": true,
            "UnitPrice": 524,
            "Product2Id": "@Product2Ref22",
            "Pricebook2Id": "@Pricebook2Ref4",
            "UseStandardPrice": false
        },
        {
            "attributes": {
                "type": "PricebookEntry",
                "referenceId": "PricebookEntryRef50"
            },
            "IsActive": true,
            "UnitPrice": 699,
            "Product2Id": "@Product2Ref23",
            "Pricebook2Id": "PutStandardPricebookHere",
            "UseStandardPrice": false
        },
        {
            "attributes": {
                "type": "PricebookEntry",
                "referenceId": "PricebookEntryRef51"
            },
            "IsActive": true,
            "UnitPrice": 799,
            "Product2Id": "@Product2Ref23",
            "Pricebook2Id": "@Pricebook2Ref3",
            "UseStandardPrice": false
        },
        {
            "attributes": {
                "type": "PricebookEntry",
                "referenceId": "PricebookEntryRef52"
            },
            "IsActive": true,
            "UnitPrice": 699,
            "Product2Id": "@Product2Ref23",
            "Pricebook2Id": "@Pricebook2Ref4",
            "UseStandardPrice": false
        },
        {
            "attributes": {
                "type": "PricebookEntry",
                "referenceId": "PricebookEntryRef53"
            },
            "IsActive": true,
            "UnitPrice": 1690,
            "Product2Id": "@Product2Ref24",
            "Pricebook2Id": "PutStandardPricebookHere",
            "UseStandardPrice": false
        },
        {
            "attributes": {
                "type": "PricebookEntry",
                "referenceId": "PricebookEntryRef54"
            },
            "IsActive": true,
            "UnitPrice": 1849,
            "Product2Id": "@Product2Ref24",
            "Pricebook2Id": "@Pricebook2Ref3",
            "UseStandardPrice": false
        },
        {
            "attributes": {
                "type": "PricebookEntry",
                "referenceId": "PricebookEntryRef55"
            },
            "IsActive": true,
            "UnitPrice": 1690,
            "Product2Id": "@Product2Ref24",
            "Pricebook2Id": "@Pricebook2Ref4",
            "UseStandardPrice": false
        },
        {
            "attributes": {
                "type": "PricebookEntry",
                "referenceId": "PricebookEntryRef56"
            },
            "IsActive": true,
            "UnitPrice": 595,
            "Product2Id": "@Product2Ref25",
            "Pricebook2Id": "PutStandardPricebookHere",
            "UseStandardPrice": false
        },
        {
            "attributes": {
                "type": "PricebookEntry",
                "referenceId": "PricebookEntryRef57"
            },
            "IsActive": true,
            "UnitPrice": 829,
            "Product2Id": "@Product2Ref25",
            "Pricebook2Id": "@Pricebook2Ref3",
            "UseStandardPrice": false
        },
        {
            "attributes": {
                "type": "PricebookEntry",
                "referenceId": "PricebookEntryRef58"
            },
            "IsActive": true,
            "UnitPrice": 595,
            "Product2Id": "@Product2Ref25",
            "Pricebook2Id": "@Pricebook2Ref4",
            "UseStandardPrice": false
        },
        {
            "attributes": {
                "type": "PricebookEntry",
                "referenceId": "PricebookEntryRef59"
            },
            "IsActive": true,
            "UnitPrice": 17,
            "Product2Id": "@Product2Ref26",
            "Pricebook2Id": "PutStandardPricebookHere",
            "UseStandardPrice": false
        },
        {
            "attributes": {
                "type": "PricebookEntry",
                "referenceId": "PricebookEntryRef60"
            },
            "IsActive": true,
            "UnitPrice": 23,
            "Product2Id": "@Product2Ref26",
            "Pricebook2Id": "@Pricebook2Ref3",
            "UseStandardPrice": false
        },
        {
            "attributes": {
                "type": "PricebookEntry",
                "referenceId": "PricebookEntryRef61"
            },
            "IsActive": true,
            "UnitPrice": 17,
            "Product2Id": "@Product2Ref26",
            "Pricebook2Id": "@Pricebook2Ref4",
            "UseStandardPrice": false
        },
        {
            "attributes": {
                "type": "PricebookEntry",
                "referenceId": "PricebookEntryRef62"
            },
            "IsActive": true,
            "UnitPrice": 15,
            "Product2Id": "@Product2Ref27",
            "Pricebook2Id": "PutStandardPricebookHere",
            "UseStandardPrice": false
        },
        {
            "attributes": {
                "type": "PricebookEntry",
                "referenceId": "PricebookEntryRef63"
            },
            "IsActive": true,
            "UnitPrice": 15,
            "Product2Id": "@Product2Ref27",
            "Pricebook2Id": "@Pricebook2Ref3",
            "UseStandardPrice": false
        },
        {
            "attributes": {
                "type": "PricebookEntry",
                "referenceId": "PricebookEntryRef64"
            },
            "IsActive": true,
            "UnitPrice": 15,
            "Product2Id": "@Product2Ref27",
            "Pricebook2Id": "@Pricebook2Ref4",
            "UseStandardPrice": false
        },
        {
            "attributes": {
                "type": "PricebookEntry",
                "referenceId": "PricebookEntryRef65"
            },
            "IsActive": true,
            "UnitPrice": 39.99,
            "Product2Id": "@Product2Ref28",
            "Pricebook2Id": "PutStandardPricebookHere",
            "UseStandardPrice": false
        },
        {
            "attributes": {
                "type": "PricebookEntry",
                "referenceId": "PricebookEntryRef66"
            },
            "IsActive": true,
            "UnitPrice": 50,
            "Product2Id": "@Product2Ref28",
            "Pricebook2Id": "@Pricebook2Ref3",
            "UseStandardPrice": false
        },
        {
            "attributes": {
                "type": "PricebookEntry",
                "referenceId": "PricebookEntryRef67"
            },
            "IsActive": true,
            "UnitPrice": 39.99,
            "Product2Id": "@Product2Ref28",
            "Pricebook2Id": "@Pricebook2Ref4",
            "UseStandardPrice": false
        },
        {
            "attributes": {
                "type": "PricebookEntry",
                "referenceId": "PricebookEntryRef68"
            },
            "IsActive": true,
            "UnitPrice": 45.5,
            "Product2Id": "@Product2Ref29",
            "Pricebook2Id": "PutStandardPricebookHere",
            "UseStandardPrice": false
        },
        {
            "attributes": {
                "type": "PricebookEntry",
                "referenceId": "PricebookEntryRef69"
            },
            "IsActive": true,
            "UnitPrice": 45.99,
            "Product2Id": "@Product2Ref29",
            "Pricebook2Id": "@Pricebook2Ref3",
            "UseStandardPrice": false
        },
        {
            "attributes": {
                "type": "PricebookEntry",
                "referenceId": "PricebookEntryRef70"
            },
            "IsActive": true,
            "UnitPrice": 45.5,
            "Product2Id": "@Product2Ref29",
            "Pricebook2Id": "@Pricebook2Ref4",
            "UseStandardPrice": false
        },
        {
            "attributes": {
                "type": "PricebookEntry",
                "referenceId": "PricebookEntryRef71"
            },
            "IsActive": true,
            "UnitPrice": 699.99,
            "Product2Id": "@Product2Ref30",
            "Pricebook2Id": "PutStandardPricebookHere",
            "UseStandardPrice": false
        },
        {
            "attributes": {
                "type": "PricebookEntry",
                "referenceId": "PricebookEntryRef72"
            },
            "IsActive": true,
            "UnitPrice": 799.99,
            "Product2Id": "@Product2Ref30",
            "Pricebook2Id": "@Pricebook2Ref3",
            "UseStandardPrice": false
        },
        {
            "attributes": {
                "type": "PricebookEntry",
                "referenceId": "PricebookEntryRef73"
            },
            "IsActive": true,
            "UnitPrice": 699.99,
            "Product2Id": "@Product2Ref30",
            "Pricebook2Id": "@Pricebook2Ref4",
            "UseStandardPrice": false
        },
        {
            "attributes": {
                "type": "PricebookEntry",
                "referenceId": "PricebookEntryRef74"
            },
            "IsActive": true,
            "UnitPrice": 3489,
            "Product2Id": "@Product2Ref31",
            "Pricebook2Id": "PutStandardPricebookHere",
            "UseStandardPrice": false
        },
        {
            "attributes": {
                "type": "PricebookEntry",
                "referenceId": "PricebookEntryRef75"
            },
            "IsActive": true,
            "UnitPrice": 5950,
            "Product2Id": "@Product2Ref31",
            "Pricebook2Id": "@Pricebook2Ref3",
            "UseStandardPrice": false
        },
        {
            "attributes": {
                "type": "PricebookEntry",
                "referenceId": "PricebookEntryRef76"
            },
            "IsActive": true,
            "UnitPrice": 3489,
            "Product2Id": "@Product2Ref31",
            "Pricebook2Id": "@Pricebook2Ref4",
            "UseStandardPrice": false
        },
        {
            "attributes": {
                "type": "PricebookEntry",
                "referenceId": "PricebookEntryRef77"
            },
            "IsActive": true,
            "UnitPrice": 1299,
            "Product2Id": "@Product2Ref32",
            "Pricebook2Id": "PutStandardPricebookHere",
            "UseStandardPrice": false
        },
        {
            "attributes": {
                "type": "PricebookEntry",
                "referenceId": "PricebookEntryRef78"
            },
            "IsActive": true,
            "UnitPrice": 1350,
            "Product2Id": "@Product2Ref32",
            "Pricebook2Id": "@Pricebook2Ref3",
            "UseStandardPrice": false
        },
        {
            "attributes": {
                "type": "PricebookEntry",
                "referenceId": "PricebookEntryRef79"
            },
            "IsActive": true,
            "UnitPrice": 1299,
            "Product2Id": "@Product2Ref32",
            "Pricebook2Id": "@Pricebook2Ref4",
            "UseStandardPrice": false
        },
        {
            "attributes": {
                "type": "PricebookEntry",
                "referenceId": "PricebookEntryRef80"
            },
            "IsActive": true,
            "UnitPrice": 319.95,
            "Product2Id": "@Product2Ref33",
            "Pricebook2Id": "PutStandardPricebookHere",
            "UseStandardPrice": false
        },
        {
            "attributes": {
                "type": "PricebookEntry",
                "referenceId": "PricebookEntryRef81"
            },
            "IsActive": true,
            "UnitPrice": 579.99,
            "Product2Id": "@Product2Ref33",
            "Pricebook2Id": "@Pricebook2Ref3",
            "UseStandardPrice": false
        },
        {
            "attributes": {
                "type": "PricebookEntry",
                "referenceId": "PricebookEntryRef82"
            },
            "IsActive": true,
            "UnitPrice": 319.95,
            "Product2Id": "@Product2Ref33",
            "Pricebook2Id": "@Pricebook2Ref4",
            "UseStandardPrice": false
        },
        {
            "attributes": {
                "type": "PricebookEntry",
                "referenceId": "PricebookEntryRef83"
            },
            "IsActive": true,
            "UnitPrice": 918,
            "Product2Id": "@Product2Ref34",
            "Pricebook2Id": "PutStandardPricebookHere",
            "UseStandardPrice": false
        },
        {
            "attributes": {
                "type": "PricebookEntry",
                "referenceId": "PricebookEntryRef84"
            },
            "IsActive": true,
            "UnitPrice": 1041,
            "Product2Id": "@Product2Ref34",
            "Pricebook2Id": "@Pricebook2Ref3",
            "UseStandardPrice": false
        },
        {
            "attributes": {
                "type": "PricebookEntry",
                "referenceId": "PricebookEntryRef85"
            },
            "IsActive": true,
            "UnitPrice": 918,
            "Product2Id": "@Product2Ref34",
            "Pricebook2Id": "@Pricebook2Ref4",
            "UseStandardPrice": false
        },
        {
            "attributes": {
                "type": "PricebookEntry",
                "referenceId": "PricebookEntryRef86"
            },
            "IsActive": true,
            "UnitPrice": 80,
            "Product2Id": "@Product2Ref35",
            "Pricebook2Id": "PutStandardPricebookHere",
            "UseStandardPrice": false
        },
        {
            "attributes": {
                "type": "PricebookEntry",
                "referenceId": "PricebookEntryRef87"
            },
            "IsActive": true,
            "UnitPrice": 99,
            "Product2Id": "@Product2Ref35",
            "Pricebook2Id": "@Pricebook2Ref3",
            "UseStandardPrice": false
        },
        {
            "attributes": {
                "type": "PricebookEntry",
                "referenceId": "PricebookEntryRef88"
            },
            "IsActive": true,
            "UnitPrice": 80,
            "Product2Id": "@Product2Ref35",
            "Pricebook2Id": "@Pricebook2Ref4",
            "UseStandardPrice": false
        },
        {
            "attributes": {
                "type": "PricebookEntry",
                "referenceId": "PricebookEntryRef89"
            },
            "IsActive": true,
            "UnitPrice": 3.42,
            "Product2Id": "@Product2Ref36",
            "Pricebook2Id": "PutStandardPricebookHere",
            "UseStandardPrice": false
        },
        {
            "attributes": {
                "type": "PricebookEntry",
                "referenceId": "PricebookEntryRef90"
            },
            "IsActive": true,
            "UnitPrice": 4.5,
            "Product2Id": "@Product2Ref36",
            "Pricebook2Id": "@Pricebook2Ref3",
            "UseStandardPrice": false
        },
        {
            "attributes": {
                "type": "PricebookEntry",
                "referenceId": "PricebookEntryRef91"
            },
            "IsActive": true,
            "UnitPrice": 3.42,
            "Product2Id": "@Product2Ref36",
            "Pricebook2Id": "@Pricebook2Ref4",
            "UseStandardPrice": false
        },
        {
            "attributes": {
                "type": "PricebookEntry",
                "referenceId": "PricebookEntryRef92"
            },
            "IsActive": true,
            "UnitPrice": 18.99,
            "Product2Id": "@Product2Ref37",
            "Pricebook2Id": "PutStandardPricebookHere",
            "UseStandardPrice": false
        },
        {
            "attributes": {
                "type": "PricebookEntry",
                "referenceId": "PricebookEntryRef93"
            },
            "IsActive": true,
            "UnitPrice": 19.97,
            "Product2Id": "@Product2Ref37",
            "Pricebook2Id": "@Pricebook2Ref3",
            "UseStandardPrice": false
        },
        {
            "attributes": {
                "type": "PricebookEntry",
                "referenceId": "PricebookEntryRef94"
            },
            "IsActive": true,
            "UnitPrice": 18.99,
            "Product2Id": "@Product2Ref37",
            "Pricebook2Id": "@Pricebook2Ref4",
            "UseStandardPrice": false
        },
        {
            "attributes": {
                "type": "PricebookEntry",
                "referenceId": "PricebookEntryRef95"
            },
            "IsActive": true,
            "UnitPrice": 1649,
            "Product2Id": "@Product2Ref38",
            "Pricebook2Id": "PutStandardPricebookHere",
            "UseStandardPrice": false
        },
        {
            "attributes": {
                "type": "PricebookEntry",
                "referenceId": "PricebookEntryRef96"
            },
            "IsActive": true,
            "UnitPrice": 1696,
            "Product2Id": "@Product2Ref38",
            "Pricebook2Id": "@Pricebook2Ref3",
            "UseStandardPrice": false
        },
        {
            "attributes": {
                "type": "PricebookEntry",
                "referenceId": "PricebookEntryRef97"
            },
            "IsActive": true,
            "UnitPrice": 1649,
            "Product2Id": "@Product2Ref38",
            "Pricebook2Id": "@Pricebook2Ref4",
            "UseStandardPrice": false
        },
        {
            "attributes": {
                "type": "PricebookEntry",
                "referenceId": "PricebookEntryRef98"
            },
            "IsActive": true,
            "UnitPrice": 799.95,
            "Product2Id": "@Product2Ref39",
            "Pricebook2Id": "PutStandardPricebookHere",
            "UseStandardPrice": false
        },
        {
            "attributes": {
                "type": "PricebookEntry",
                "referenceId": "PricebookEntryRef99"
            },
            "IsActive": true,
            "UnitPrice": 849.95,
            "Product2Id": "@Product2Ref39",
            "Pricebook2Id": "@Pricebook2Ref3",
            "UseStandardPrice": false
        },
        {
            "attributes": {
                "type": "PricebookEntry",
                "referenceId": "PricebookEntryRef100"
            },
            "IsActive": true,
            "UnitPrice": 799.95,
            "Product2Id": "@Product2Ref39",
            "Pricebook2Id": "@Pricebook2Ref4",
            "UseStandardPrice": false
        },
        {
            "attributes": {
                "type": "PricebookEntry",
                "referenceId": "PricebookEntryRef101"
            },
            "IsActive": true,
            "UnitPrice": 127.99,
            "Product2Id": "@Product2Ref40",
            "Pricebook2Id": "PutStandardPricebookHere",
            "UseStandardPrice": false
        },
        {
            "attributes": {
                "type": "PricebookEntry",
                "referenceId": "PricebookEntryRef102"
            },
            "IsActive": true,
            "UnitPrice": 129.99,
            "Product2Id": "@Product2Ref40",
            "Pricebook2Id": "@Pricebook2Ref3",
            "UseStandardPrice": false
        },
        {
            "attributes": {
                "type": "PricebookEntry",
                "referenceId": "PricebookEntryRef103"
            },
            "IsActive": true,
            "UnitPrice": 127.99,
            "Product2Id": "@Product2Ref40",
            "Pricebook2Id": "@Pricebook2Ref4",
            "UseStandardPrice": false
        },
        {
            "attributes": {
                "type": "PricebookEntry",
                "referenceId": "PricebookEntryRef104"
            },
            "IsActive": true,
            "UnitPrice": 19.99,
            "Product2Id": "@Product2Ref41",
            "Pricebook2Id": "PutStandardPricebookHere",
            "UseStandardPrice": false
        },
        {
            "attributes": {
                "type": "PricebookEntry",
                "referenceId": "PricebookEntryRef105"
            },
            "IsActive": true,
            "UnitPrice": 20,
            "Product2Id": "@Product2Ref41",
            "Pricebook2Id": "@Pricebook2Ref3",
            "UseStandardPrice": false
        },
        {
            "attributes": {
                "type": "PricebookEntry",
                "referenceId": "PricebookEntryRef106"
            },
            "IsActive": true,
            "UnitPrice": 19.99,
            "Product2Id": "@Product2Ref41",
            "Pricebook2Id": "@Pricebook2Ref4",
            "UseStandardPrice": false
        },
        {
            "attributes": {
                "type": "PricebookEntry",
                "referenceId": "PricebookEntryRef107"
            },
            "IsActive": true,
            "UnitPrice": 14.99,
            "Product2Id": "@Product2Ref42",
            "Pricebook2Id": "PutStandardPricebookHere",
            "UseStandardPrice": false
        },
        {
            "attributes": {
                "type": "PricebookEntry",
                "referenceId": "PricebookEntryRef108"
            },
            "IsActive": true,
            "UnitPrice": 15.25,
            "Product2Id": "@Product2Ref42",
            "Pricebook2Id": "@Pricebook2Ref3",
            "UseStandardPrice": false
        },
        {
            "attributes": {
                "type": "PricebookEntry",
                "referenceId": "PricebookEntryRef109"
            },
            "IsActive": true,
            "UnitPrice": 14.99,
            "Product2Id": "@Product2Ref42",
            "Pricebook2Id": "@Pricebook2Ref4",
            "UseStandardPrice": false
        },
        {
            "attributes": {
                "type": "PricebookEntry",
                "referenceId": "PricebookEntryRef110"
            },
            "IsActive": true,
            "UnitPrice": 14.9,
            "Product2Id": "@Product2Ref43",
            "Pricebook2Id": "PutStandardPricebookHere",
            "UseStandardPrice": false
        },
        {
            "attributes": {
                "type": "PricebookEntry",
                "referenceId": "PricebookEntryRef111"
            },
            "IsActive": true,
            "UnitPrice": 16.99,
            "Product2Id": "@Product2Ref43",
            "Pricebook2Id": "@Pricebook2Ref3",
            "UseStandardPrice": false
        },
        {
            "attributes": {
                "type": "PricebookEntry",
                "referenceId": "PricebookEntryRef112"
            },
            "IsActive": true,
            "UnitPrice": 14.9,
            "Product2Id": "@Product2Ref43",
            "Pricebook2Id": "@Pricebook2Ref4",
            "UseStandardPrice": false
        },
        {
            "attributes": {
                "type": "PricebookEntry",
                "referenceId": "PricebookEntryRef113"
            },
            "IsActive": true,
            "UnitPrice": 35.45,
            "Product2Id": "@Product2Ref44",
            "Pricebook2Id": "PutStandardPricebookHere",
            "UseStandardPrice": false
        },
        {
            "attributes": {
                "type": "PricebookEntry",
                "referenceId": "PricebookEntryRef114"
            },
            "IsActive": true,
            "UnitPrice": 35.45,
            "Product2Id": "@Product2Ref44",
            "Pricebook2Id": "@Pricebook2Ref4",
            "UseStandardPrice": false
        },
        {
            "attributes": {
                "type": "PricebookEntry",
                "referenceId": "PricebookEntryRef115"
            },
            "IsActive": true,
            "UnitPrice": 38.99,
            "Product2Id": "@Product2Ref44",
            "Pricebook2Id": "@Pricebook2Ref3",
            "UseStandardPrice": false
        },
        {
            "attributes": {
                "type": "PricebookEntry",
                "referenceId": "PricebookEntryRef116"
            },
            "IsActive": true,
            "UnitPrice": 575,
            "Product2Id": "@Product2Ref45",
            "Pricebook2Id": "PutStandardPricebookHere",
            "UseStandardPrice": false
        },
        {
            "attributes": {
                "type": "PricebookEntry",
                "referenceId": "PricebookEntryRef117"
            },
            "IsActive": true,
            "UnitPrice": 599,
            "Product2Id": "@Product2Ref45",
            "Pricebook2Id": "@Pricebook2Ref3",
            "UseStandardPrice": false
        },
        {
            "attributes": {
                "type": "PricebookEntry",
                "referenceId": "PricebookEntryRef118"
            },
            "IsActive": true,
            "UnitPrice": 575,
            "Product2Id": "@Product2Ref45",
            "Pricebook2Id": "@Pricebook2Ref4",
            "UseStandardPrice": false
        },
        {
            "attributes": {
                "type": "PricebookEntry",
                "referenceId": "PricebookEntryRef119"
            },
            "IsActive": true,
            "UnitPrice": 3.99,
            "Product2Id": "@Product2Ref46",
            "Pricebook2Id": "PutStandardPricebookHere",
            "UseStandardPrice": false
        },
        {
            "attributes": {
                "type": "PricebookEntry",
                "referenceId": "PricebookEntryRef120"
            },
            "IsActive": true,
            "UnitPrice": 3.99,
            "Product2Id": "@Product2Ref46",
            "Pricebook2Id": "@Pricebook2Ref4",
            "UseStandardPrice": false
        },
        {
            "attributes": {
                "type": "PricebookEntry",
                "referenceId": "PricebookEntryRef121"
            },
            "IsActive": true,
            "UnitPrice": 4.99,
            "Product2Id": "@Product2Ref46",
            "Pricebook2Id": "@Pricebook2Ref3",
            "UseStandardPrice": false
        },
        {
            "attributes": {
                "type": "PricebookEntry",
                "referenceId": "PricebookEntryRef122"
            },
            "IsActive": true,
            "UnitPrice": 80,
            "Product2Id": "@Product2Ref47",
            "Pricebook2Id": "PutStandardPricebookHere",
            "UseStandardPrice": false
        },
        {
            "attributes": {
                "type": "PricebookEntry",
                "referenceId": "PricebookEntryRef123"
            },
            "IsActive": true,
            "UnitPrice": 99.99,
            "Product2Id": "@Product2Ref47",
            "Pricebook2Id": "@Pricebook2Ref3",
            "UseStandardPrice": false
        },
        {
            "attributes": {
                "type": "PricebookEntry",
                "referenceId": "PricebookEntryRef124"
            },
            "IsActive": true,
            "UnitPrice": 80,
            "Product2Id": "@Product2Ref47",
            "Pricebook2Id": "@Pricebook2Ref4",
            "UseStandardPrice": false
        }
    ]
}
