[
    {
        "sobject": "CommerceEntitlementPolicy",
        "saveRefs": true,
        "resolveRefs": false,
        "files": [
            "CommerceEntitlementPolicys.json"
        ]
    },
    {
        "sobject": "BuyerGroup",
        "saveRefs": true,
        "resolveRefs": false,
        "files": [
            "BuyerGroups.json"
        ]
    },
    {
        "sobject": "CommerceEntitlementBuyerGroup",
        "saveRefs": true,
        "resolveRefs": true,
        "files": [
            "CommerceEntitlementBuyerGroups.json"
        ]
    },
    {
        "sobject": "WebStoreBuyerGroup",
        "saveRefs": true,
        "resolveRefs": true,
        "files": [
            "WebStoreBuyerGroups.json"
        ]
    }
]