<?xml version="1.0" encoding="UTF-8" ?>
<FlexiPage xmlns="http://soap.sforce.com/2006/04/metadata">
    <flexiPageRegions>
        <name>region1</name>
        <type>Region</type>
    </flexiPageRegions>
    <flexiPageRegions>
        <itemInstances>
            <componentInstance>
                <componentName>miscPermissionBasedUI</componentName>
                <identifier>miscPermissionBasedUI</identifier>
            </componentInstance>
        </itemInstances>
        <itemInstances>
            <componentInstance>
                <componentName>miscGetUserId</componentName>
                <identifier>miscGetUserId</identifier>
            </componentInstance>
        </itemInstances>
        <itemInstances>
            <componentInstance>
                <componentName>miscToastNotification</componentName>
                <identifier>miscToastNotification</identifier>
            </componentInstance>
        </itemInstances>
        <itemInstances>
            <componentInstance>
                <componentName>miscModal</componentName>
                <identifier>miscModal</identifier>
            </componentInstance>
        </itemInstances>
        <name>region2</name>
        <type>Region</type>
    </flexiPageRegions>
    <flexiPageRegions>
        <itemInstances>
            <componentInstance>
                <componentName>miscNotificationModules</componentName>
                <identifier>c_miscNotificationModules</identifier>
            </componentInstance>
        </itemInstances>
        <itemInstances>
            <componentInstance>
                <componentName>miscSharedJavaScript</componentName>
                <identifier>miscSharedJavaScript</identifier>
            </componentInstance>
        </itemInstances>
        <itemInstances>
            <componentInstance>
                <componentName>miscRestApiCall</componentName>
                <identifier>miscRestApiCall</identifier>
            </componentInstance>
        </itemInstances>
        <itemInstances>
            <componentInstance>
                <componentName>miscDomQuery</componentName>
                <identifier>miscDomQuery</identifier>
            </componentInstance>
        </itemInstances>
        <name>region3</name>
        <type>Region</type>
    </flexiPageRegions>
    <flexiPageRegions>
        <itemInstances>
            <componentInstance>
                <componentName>miscStylingHooks</componentName>
                <identifier>c_miscStylingHooks1</identifier>
            </componentInstance>
        </itemInstances>
        <itemInstances>
            <componentInstance>
                <componentName>miscStaticResource</componentName>
                <identifier>miscStaticResource</identifier>
            </componentInstance>
        </itemInstances>
        <itemInstances>
            <componentInstance>
                <componentName>miscContentAsset</componentName>
                <identifier>miscContentAsset</identifier>
            </componentInstance>
        </itemInstances>
        <itemInstances>
            <componentInstance>
                <componentName>miscMultipleTemplates</componentName>
                <identifier>miscMultipleTemplates</identifier>
            </componentInstance>
        </itemInstances>
        <name>region4</name>
        <type>Region</type>
    </flexiPageRegions>
    <masterLabel>Misc Techniques</masterLabel>
    <template>
        <name>flexipage:appHomeTemplateHeaderThreeColumns</name>
    </template>
    <type>AppPage</type>
</FlexiPage>
