[{"_allAttributes":null,"_properties":null,"_methods":null,"file":"/Users/gaurav.setia/Documents/VS Code/lwc-recipes-main/force-app/main/default/lwc/apexImperativeMethod/apexImperativeMethod.js","metadata":{"decorators":[],"declarationLoc":{"start":{"line":4,"column":0},"end":{"line":19,"column":1}},"classMembers":[{"type":"property","name":"contacts","loc":{"start":{"line":5,"column":4},"end":{"line":5,"column":13}}},{"type":"property","name":"error","loc":{"start":{"line":6,"column":4},"end":{"line":6,"column":10}}},{"type":"method","name":"handleLoad","loc":{"start":{"line":8,"column":4},"end":{"line":18,"column":5}}}],"exports":[{"type":"ExportDefaultDeclaration"}]},"updatedAt":"2023-05-09T07:41:48.000Z"},{"_allAttributes":null,"_properties":null,"_methods":null,"file":"/Users/gaurav.setia/Documents/VS Code/lwc-recipes-main/force-app/main/default/lwc/apexImperativeMethodWithComplexParams/apexImperativeMethodWithComplexParams.js","metadata":{"decorators":[],"declarationLoc":{"start":{"line":4,"column":0},"end":{"line":49,"column":1}},"classMembers":[{"type":"property","name":"listItemValue","loc":{"start":{"line":5,"column":4},"end":{"line":5,"column":22}}},{"type":"property","name":"numberValue","loc":{"start":{"line":6,"column":4},"end":{"line":6,"column":21}}},{"type":"property","name":"stringValue","loc":{"start":{"line":7,"column":4},"end":{"line":7,"column":32}}},{"type":"property","name":"message","loc":{"start":{"line":9,"column":4},"end":{"line":9,"column":12}}},{"type":"property","name":"error","loc":{"start":{"line":10,"column":4},"end":{"line":10,"column":10}}},{"type":"method","name":"handleStringChange","loc":{"start":{"line":12,"column":4},"end":{"line":14,"column":5}}},{"type":"method","name":"handleNumberChange","loc":{"start":{"line":16,"column":4},"end":{"line":18,"column":5}}},{"type":"method","name":"handleListItemChange","loc":{"start":{"line":20,"column":4},"end":{"line":22,"column":5}}},{"type":"method","name":"handleButtonClick","loc":{"start":{"line":24,"column":4},"end":{"line":48,"column":5}}}],"exports":[{"type":"ExportDefaultDeclaration"}]},"updatedAt":"2023-05-09T07:41:48.000Z"},{"_allAttributes":null,"_properties":null,"_methods":null,"file":"/Users/gaurav.setia/Documents/VS Code/lwc-recipes-main/force-app/main/default/lwc/apexImperativeMethodWithParams/apexImperativeMethodWithParams.js","metadata":{"decorators":[],"declarationLoc":{"start":{"line":4,"column":0},"end":{"line":24,"column":1}},"classMembers":[{"type":"property","name":"searchKey","loc":{"start":{"line":5,"column":4},"end":{"line":5,"column":19}}},{"type":"property","name":"contacts","loc":{"start":{"line":6,"column":4},"end":{"line":6,"column":13}}},{"type":"property","name":"error","loc":{"start":{"line":7,"column":4},"end":{"line":7,"column":10}}},{"type":"method","name":"handleKeyChange","loc":{"start":{"line":9,"column":4},"end":{"line":11,"column":5}}},{"type":"method","name":"handleSearch","loc":{"start":{"line":13,"column":4},"end":{"line":23,"column":5}}}],"exports":[{"type":"ExportDefaultDeclaration"}]},"updatedAt":"2023-05-09T07:41:48.000Z"},{"_allAttributes":null,"_properties":null,"_methods":null,"file":"/Users/gaurav.setia/Documents/VS Code/lwc-recipes-main/force-app/main/default/lwc/apexStaticSchema/apexStaticSchema.js","metadata":{"decorators":[{"type":"wire","targets":[{"name":"contact","adapter":{"name":"getSingleContact","reference":"@salesforce/apex/ContactController.getSingleContact"},"type":"property"}]}],"declarationLoc":{"start":{"line":9,"column":0},"end":{"line":27,"column":1}},"classMembers":[{"type":"property","name":"contact","loc":{"start":{"line":10,"column":4},"end":{"line":10,"column":36}},"decorator":"wire"},{"type":"property","name":"name","loc":{"start":{"line":12,"column":4},"end":{"line":16,"column":5}}},{"type":"property","name":"title","loc":{"start":{"line":17,"column":4},"end":{"line":21,"column":5}}},{"type":"property","name":"email","loc":{"start":{"line":22,"column":4},"end":{"line":26,"column":5}}}],"exports":[{"type":"ExportDefaultDeclaration"}]},"updatedAt":"2023-05-09T07:41:48.000Z"},{"_allAttributes":null,"_properties":null,"_methods":null,"file":"/Users/gaurav.setia/Documents/VS Code/lwc-recipes-main/force-app/main/default/lwc/apexWireMethodToFunction/apexWireMethodToFunction.js","metadata":{"decorators":[{"type":"wire","targets":[{"name":"wiredContacts","adapter":{"name":"getContactList","reference":"@salesforce/apex/ContactController.getContactList"},"type":"method"}]}],"declarationLoc":{"start":{"line":4,"column":0},"end":{"line":18,"column":1}},"classMembers":[{"type":"property","name":"contacts","loc":{"start":{"line":5,"column":4},"end":{"line":5,"column":13}}},{"type":"property","name":"error","loc":{"start":{"line":6,"column":4},"end":{"line":6,"column":10}}},{"type":"method","name":"wiredContacts","loc":{"start":{"line":8,"column":4},"end":{"line":17,"column":5}},"decorator":"wire"}],"exports":[{"type":"ExportDefaultDeclaration"}]},"updatedAt":"2023-05-09T07:41:48.000Z"},{"_allAttributes":null,"_properties":null,"_methods":null,"file":"/Users/gaurav.setia/Documents/VS Code/lwc-recipes-main/force-app/main/default/lwc/apexWireMethodToProperty/apexWireMethodToProperty.js","metadata":{"decorators":[{"type":"wire","targets":[{"name":"contacts","adapter":{"name":"getContactList","reference":"@salesforce/apex/ContactController.getContactList"},"type":"property"}]}],"declarationLoc":{"start":{"line":4,"column":0},"end":{"line":6,"column":1}},"classMembers":[{"type":"property","name":"contacts","loc":{"start":{"line":5,"column":4},"end":{"line":5,"column":35}},"decorator":"wire"}],"exports":[{"type":"ExportDefaultDeclaration"}]},"updatedAt":"2023-05-09T07:41:48.000Z"},{"_allAttributes":null,"_properties":null,"_methods":null,"file":"/Users/gaurav.setia/Documents/VS Code/lwc-recipes-main/force-app/main/default/lwc/apexWireMethodWithComplexParams/apexWireMethodWithComplexParams.js","metadata":{"decorators":[{"type":"wire","targets":[{"name":"apexResponse","adapter":{"name":"checkApexTypes","reference":"@salesforce/apex/ApexTypesController.checkApexTypes"},"type":"property","static":{},"params":{"wrapper":"parameterObject"}}]}],"declarationLoc":{"start":{"line":4,"column":0},"end":{"line":42,"column":1}},"classMembers":[{"type":"property","name":"listItemValue","loc":{"start":{"line":5,"column":4},"end":{"line":5,"column":22}}},{"type":"property","name":"numberValue","loc":{"start":{"line":6,"column":4},"end":{"line":6,"column":21}}},{"type":"property","name":"stringValue","loc":{"start":{"line":7,"column":4},"end":{"line":7,"column":32}}},{"type":"property","name":"parameterObject","loc":{"start":{"line":9,"column":4},"end":{"line":13,"column":6}}},{"type":"property","name":"apexResponse","loc":{"start":{"line":15,"column":4},"end":{"line":16,"column":17}},"decorator":"wire"},{"type":"method","name":"handleStringChange","loc":{"start":{"line":18,"column":4},"end":{"line":23,"column":5}}},{"type":"method","name":"handleNumberChange","loc":{"start":{"line":25,"column":4},"end":{"line":30,"column":5}}},{"type":"method","name":"handleListItemChange","loc":{"start":{"line":32,"column":4},"end":{"line":41,"column":5}}}],"exports":[{"type":"ExportDefaultDeclaration"}]},"updatedAt":"2023-05-09T07:41:48.000Z"},{"_allAttributes":null,"_properties":null,"_methods":null,"file":"/Users/gaurav.setia/Documents/VS Code/lwc-recipes-main/force-app/main/default/lwc/apexWireMethodWithParams/apexWireMethodWithParams.js","metadata":{"decorators":[{"type":"wire","targets":[{"name":"contacts","adapter":{"name":"findContacts","reference":"@salesforce/apex/ContactController.findContacts"},"type":"property","static":{},"params":{"searchKey":"searchKey"}}]}],"declarationLoc":{"start":{"line":7,"column":0},"end":{"line":23,"column":1}},"classMembers":[{"type":"property","name":"searchKey","loc":{"start":{"line":8,"column":4},"end":{"line":8,"column":19}}},{"type":"property","name":"contacts","loc":{"start":{"line":10,"column":4},"end":{"line":11,"column":13}},"decorator":"wire"},{"type":"method","name":"handleKeyChange","loc":{"start":{"line":13,"column":4},"end":{"line":22,"column":5}}}],"exports":[{"type":"ExportDefaultDeclaration"}]},"updatedAt":"2023-05-09T07:41:48.000Z"},{"_allAttributes":null,"_properties":null,"_methods":null,"file":"/Users/gaurav.setia/Documents/VS Code/lwc-recipes-main/force-app/main/default/lwc/apiMethod/apiMethod.js","metadata":{"decorators":[],"declarationLoc":{"start":{"line":3,"column":0},"end":{"line":7,"column":1}},"classMembers":[{"type":"method","name":"handleRefresh","loc":{"start":{"line":4,"column":4},"end":{"line":6,"column":5}}}],"exports":[{"type":"ExportDefaultDeclaration"}]},"updatedAt":"2023-05-09T07:41:48.000Z"},{"_allAttributes":null,"_properties":null,"_methods":null,"file":"/Users/gaurav.setia/Documents/VS Code/lwc-recipes-main/force-app/main/default/lwc/apiProperty/apiProperty.js","metadata":{"decorators":[],"declarationLoc":{"start":{"line":3,"column":0},"end":{"line":9,"column":1}},"classMembers":[{"type":"property","name":"percentage","loc":{"start":{"line":4,"column":4},"end":{"line":4,"column":20}}},{"type":"method","name":"handlePercentageChange","loc":{"start":{"line":6,"column":4},"end":{"line":8,"column":5}}}],"exports":[{"type":"ExportDefaultDeclaration"}]},"updatedAt":"2023-05-09T07:41:48.000Z"},{"_allAttributes":null,"_properties":null,"_methods":null,"file":"/Users/gaurav.setia/Documents/VS Code/lwc-recipes-main/force-app/main/default/lwc/apiSetterGetter/apiSetterGetter.js","metadata":{"decorators":[],"declarationLoc":{"start":{"line":3,"column":0},"end":{"line":35,"column":1}},"classMembers":[{"type":"property","name":"lastTodoId","loc":{"start":{"line":4,"column":4},"end":{"line":4,"column":19}}},{"type":"property","name":"todos","loc":{"start":{"line":6,"column":4},"end":{"line":9,"column":6}}},{"type":"property","name":"description","loc":{"start":{"line":11,"column":4},"end":{"line":11,"column":16}}},{"type":"property","name":"priority","loc":{"start":{"line":13,"column":4},"end":{"line":13,"column":21}}},{"type":"method","name":"handleDescriptionChange","loc":{"start":{"line":15,"column":4},"end":{"line":17,"column":5}}},{"type":"method","name":"handlePriorityChange","loc":{"start":{"line":19,"column":4},"end":{"line":21,"column":5}}},{"type":"method","name":"handleSave","loc":{"start":{"line":23,"column":4},"end":{"line":34,"column":5}}}],"exports":[{"type":"ExportDefaultDeclaration"}]},"updatedAt":"2023-05-09T07:41:48.000Z"},{"_allAttributes":null,"_properties":null,"_methods":null,"file":"/Users/gaurav.setia/Documents/VS Code/lwc-recipes-main/force-app/main/default/lwc/chartBar/chartBar.js","metadata":{"decorators":[{"type":"api","targets":[{"type":"property","name":"percentage","value":{"type":"unresolved"}}]}],"declarationLoc":{"start":{"line":3,"column":0},"end":{"line":9,"column":1}},"classMembers":[{"type":"property","name":"percentage","loc":{"start":{"line":4,"column":4},"end":{"line":4,"column":20}},"decorator":"api","value":{"type":"unresolved"}},{"type":"property","name":"style","loc":{"start":{"line":6,"column":4},"end":{"line":8,"column":5}}}],"exports":[{"type":"ExportDefaultDeclaration"}]},"updatedAt":"2023-05-09T07:41:48.000Z"},{"_allAttributes":null,"_properties":null,"_methods":null,"file":"/Users/gaurav.setia/Documents/VS Code/lwc-recipes-main/force-app/main/default/lwc/clock/clock.js","metadata":{"decorators":[{"type":"api","targets":[{"type":"method","name":"refresh"}]}],"declarationLoc":{"start":{"line":3,"column":0},"end":{"line":10,"column":1}},"classMembers":[{"type":"property","name":"timestamp","loc":{"start":{"line":4,"column":4},"end":{"line":4,"column":27}}},{"type":"method","name":"refresh","loc":{"start":{"line":6,"column":4},"end":{"line":9,"column":5}},"decorator":"api"}],"exports":[{"type":"ExportDefaultDeclaration"}]},"updatedAt":"2023-05-09T07:41:48.000Z"},{"_allAttributes":null,"_properties":null,"_methods":null,"file":"/Users/gaurav.setia/Documents/VS Code/lwc-recipes-main/force-app/main/default/lwc/compositionBasics/compositionBasics.js","metadata":{"decorators":[],"declarationLoc":{"start":{"line":3,"column":0},"end":{"line":11,"column":1}},"classMembers":[{"type":"property","name":"contact","loc":{"start":{"line":4,"column":4},"end":{"line":10,"column":6}}}],"exports":[{"type":"ExportDefaultDeclaration"}]},"updatedAt":"2023-05-09T07:41:48.000Z"},{"_allAttributes":null,"_properties":null,"_methods":null,"file":"/Users/gaurav.setia/Documents/VS Code/lwc-recipes-main/force-app/main/default/lwc/compositionContactSearch/compositionContactSearch.js","metadata":{"decorators":[],"declarationLoc":{"start":{"line":7,"column":0},"end":{"line":29,"column":1}},"classMembers":[{"type":"property","name":"contacts","loc":{"start":{"line":8,"column":4},"end":{"line":8,"column":13}}},{"type":"property","name":"error","loc":{"start":{"line":9,"column":4},"end":{"line":9,"column":10}}},{"type":"method","name":"handleKeyChange","loc":{"start":{"line":11,"column":4},"end":{"line":28,"column":5}}}],"exports":[{"type":"ExportDefaultDeclaration"}]},"updatedAt":"2023-05-09T07:41:48.000Z"},{"_allAttributes":null,"_properties":null,"_methods":null,"file":"/Users/gaurav.setia/Documents/VS Code/lwc-recipes-main/force-app/main/default/lwc/compositionIteration/compositionIteration.js","metadata":{"decorators":[],"declarationLoc":{"start":{"line":3,"column":0},"end":{"line":30,"column":1}},"classMembers":[{"type":"property","name":"contacts","loc":{"start":{"line":4,"column":4},"end":{"line":29,"column":6}}}],"exports":[{"type":"ExportDefaultDeclaration"}]},"updatedAt":"2023-05-09T07:41:48.000Z"},{"_allAttributes":null,"_properties":null,"_methods":null,"file":"/Users/gaurav.setia/Documents/VS Code/lwc-recipes-main/force-app/main/default/lwc/compositionWithAppBuilder/compositionWithAppBuilder.js","metadata":{"decorators":[{"type":"api","targets":[{"type":"property","name":"picklistValue","value":{"type":"unresolved"}},{"type":"property","name":"stringValue","value":{"type":"unresolved"}},{"type":"property","name":"numberValue","value":{"type":"unresolved"}}]}],"declarationLoc":{"start":{"line":3,"column":0},"end":{"line":7,"column":1}},"classMembers":[{"type":"property","name":"picklistValue","loc":{"start":{"line":4,"column":4},"end":{"line":4,"column":23}},"decorator":"api","value":{"type":"unresolved"}},{"type":"property","name":"stringValue","loc":{"start":{"line":5,"column":4},"end":{"line":5,"column":21}},"decorator":"api","value":{"type":"unresolved"}},{"type":"property","name":"numberValue","loc":{"start":{"line":6,"column":4},"end":{"line":6,"column":21}},"decorator":"api","value":{"type":"unresolved"}}],"exports":[{"type":"ExportDefaultDeclaration"}]},"updatedAt":"2023-05-09T07:41:48.000Z"},{"_allAttributes":null,"_properties":null,"_methods":null,"file":"/Users/gaurav.setia/Documents/VS Code/lwc-recipes-main/force-app/main/default/lwc/contactInfo/contactInfo.js","metadata":{"decorators":[{"type":"api","targets":[{"type":"property","name":"recordId","value":{"type":"unresolved"}}]},{"type":"wire","targets":[{"name":"contact","adapter":{"name":"getRecord","reference":"lightning/uiRecordApi"},"type":"property","static":{"fields":{"type":"unresolved","value":"identifier"}},"params":{"recordId":"recordId"}}]}],"declarationLoc":{"start":{"line":18,"column":0},"end":{"line":42,"column":1}},"classMembers":[{"type":"property","name":"recordId","loc":{"start":{"line":19,"column":4},"end":{"line":19,"column":18}},"decorator":"api","value":{"type":"unresolved"}},{"type":"property","name":"contact","loc":{"start":{"line":21,"column":4},"end":{"line":21,"column":64}},"decorator":"wire"},{"type":"property","name":"name","loc":{"start":{"line":23,"column":4},"end":{"line":25,"column":5}}},{"type":"property","name":"title","loc":{"start":{"line":27,"column":4},"end":{"line":29,"column":5}}},{"type":"property","name":"phone","loc":{"start":{"line":31,"column":4},"end":{"line":33,"column":5}}},{"type":"property","name":"email","loc":{"start":{"line":35,"column":4},"end":{"line":37,"column":5}}},{"type":"property","name":"picture","loc":{"start":{"line":39,"column":4},"end":{"line":41,"column":5}}}],"exports":[{"type":"ExportDefaultDeclaration"}]},"updatedAt":"2023-05-09T07:41:48.000Z"},{"_allAttributes":null,"_properties":null,"_methods":null,"file":"/Users/gaurav.setia/Documents/VS Code/lwc-recipes-main/force-app/main/default/lwc/contactList/contactList.js","metadata":{"decorators":[{"type":"wire","targets":[{"name":"contacts","adapter":{"name":"getContactList","reference":"@salesforce/apex/ContactController.getContactList"},"type":"property"}]}],"declarationLoc":{"start":{"line":4,"column":0},"end":{"line":17,"column":1}},"classMembers":[{"type":"property","name":"contacts","loc":{"start":{"line":5,"column":4},"end":{"line":5,"column":35}},"decorator":"wire"},{"type":"method","name":"handleSelect","loc":{"start":{"line":7,"column":4},"end":{"line":16,"column":5}}}],"exports":[{"type":"ExportDefaultDeclaration"}]},"updatedAt":"2023-05-09T07:41:48.000Z"},{"_allAttributes":null,"_properties":null,"_methods":null,"file":"/Users/gaurav.setia/Documents/VS Code/lwc-recipes-main/force-app/main/default/lwc/contactListItem/contactListItem.js","metadata":{"decorators":[{"type":"api","targets":[{"type":"property","name":"contact","value":{"type":"unresolved"}}]}],"declarationLoc":{"start":{"line":3,"column":0},"end":{"line":16,"column":1}},"classMembers":[{"type":"property","name":"contact","loc":{"start":{"line":4,"column":4},"end":{"line":4,"column":17}},"decorator":"api","value":{"type":"unresolved"}},{"type":"method","name":"handleClick","loc":{"start":{"line":6,"column":4},"end":{"line":15,"column":5}}}],"exports":[{"type":"ExportDefaultDeclaration"}]},"updatedAt":"2023-05-09T07:41:48.000Z"},{"_allAttributes":null,"_properties":null,"_methods":null,"file":"/Users/gaurav.setia/Documents/VS Code/lwc-recipes-main/force-app/main/default/lwc/contactListItemBubbling/contactListItemBubbling.js","metadata":{"decorators":[{"type":"api","targets":[{"type":"property","name":"contact","value":{"type":"unresolved"}}]}],"declarationLoc":{"start":{"line":3,"column":0},"end":{"line":16,"column":1}},"classMembers":[{"type":"property","name":"contact","loc":{"start":{"line":4,"column":4},"end":{"line":4,"column":17}},"decorator":"api","value":{"type":"unresolved"}},{"type":"method","name":"handleSelect","loc":{"start":{"line":6,"column":4},"end":{"line":15,"column":5}}}],"exports":[{"type":"ExportDefaultDeclaration"}]},"updatedAt":"2023-05-09T07:41:48.000Z"},{"_allAttributes":null,"_properties":null,"_methods":null,"file":"/Users/gaurav.setia/Documents/VS Code/lwc-recipes-main/force-app/main/default/lwc/contactSelector/contactSelector.js","metadata":{"decorators":[{"type":"wire","targets":[{"name":"wiredContacts","adapter":{"name":"getContactList","reference":"@salesforce/apex/ContactController.getContactList"},"type":"method"}]}],"declarationLoc":{"start":{"line":4,"column":0},"end":{"line":29,"column":1}},"classMembers":[{"type":"property","name":"contactOptions","loc":{"start":{"line":5,"column":4},"end":{"line":5,"column":24}}},{"type":"property","name":"error","loc":{"start":{"line":6,"column":4},"end":{"line":6,"column":10}}},{"type":"method","name":"wiredContacts","loc":{"start":{"line":8,"column":4},"end":{"line":20,"column":5}},"decorator":"wire"},{"type":"method","name":"handleRecordSelected","loc":{"start":{"line":22,"column":4},"end":{"line":28,"column":5}}}],"exports":[{"type":"ExportDefaultDeclaration"}]},"updatedAt":"2023-05-09T07:41:48.000Z"},{"_allAttributes":null,"_properties":null,"_methods":null,"file":"/Users/gaurav.setia/Documents/VS Code/lwc-recipes-main/force-app/main/default/lwc/contactTile/contactTile.js","metadata":{"decorators":[{"type":"api","targets":[{"type":"property","name":"contact","value":{"type":"unresolved"}}]}],"declarationLoc":{"start":{"line":3,"column":0},"end":{"line":5,"column":1}},"classMembers":[{"type":"property","name":"contact","loc":{"start":{"line":4,"column":4},"end":{"line":4,"column":17}},"decorator":"api","value":{"type":"unresolved"}}],"exports":[{"type":"ExportDefaultDeclaration"}]},"updatedAt":"2023-05-09T07:41:48.000Z"},{"_allAttributes":null,"_properties":null,"_methods":null,"file":"/Users/gaurav.setia/Documents/VS Code/lwc-recipes-main/force-app/main/default/lwc/datatableCustomDataType/datatableCustomDataType.js","metadata":{"decorators":[{"type":"wire","targets":[{"name":"contacts","adapter":{"name":"getContacts","reference":"@salesforce/apex/ContactController.getContactList"},"type":"property"}]}],"declarationLoc":{"start":{"line":19,"column":0},"end":{"line":24,"column":1}},"classMembers":[{"type":"property","name":"columns","loc":{"start":{"line":20,"column":4},"end":{"line":20,"column":19}}},{"type":"property","name":"contacts","loc":{"start":{"line":22,"column":4},"end":{"line":23,"column":13}},"decorator":"wire"}],"exports":[{"type":"ExportDefaultDeclaration"}]},"updatedAt":"2023-05-09T07:41:48.000Z"},{"_allAttributes":null,"_properties":null,"_methods":null,"file":"/Users/gaurav.setia/Documents/VS Code/lwc-recipes-main/force-app/main/default/lwc/datatableInlineEditWithApex/datatableInlineEditWithApex.js","metadata":{"decorators":[{"type":"wire","targets":[{"name":"contacts","adapter":{"name":"getContacts","reference":"@salesforce/apex/ContactController.getContactList"},"type":"property"}]}],"declarationLoc":{"start":{"line":15,"column":0},"end":{"line":53,"column":1}},"classMembers":[{"type":"property","name":"columns","loc":{"start":{"line":16,"column":4},"end":{"line":16,"column":19}}},{"type":"property","name":"draftValues","loc":{"start":{"line":17,"column":4},"end":{"line":17,"column":21}}},{"type":"property","name":"contacts","loc":{"start":{"line":19,"column":4},"end":{"line":20,"column":13}},"decorator":"wire"},{"type":"method","name":"handleSave","loc":{"start":{"line":22,"column":4},"end":{"line":52,"column":5}}}],"exports":[{"type":"ExportDefaultDeclaration"}]},"updatedAt":"2023-05-09T07:41:48.000Z"},{"_allAttributes":null,"_properties":null,"_methods":null,"file":"/Users/gaurav.setia/Documents/VS Code/lwc-recipes-main/force-app/main/default/lwc/datatableInlineEditWithUiApi/datatableInlineEditWithUiApi.js","metadata":{"decorators":[{"type":"wire","targets":[{"name":"contacts","adapter":{"name":"getContacts","reference":"@salesforce/apex/ContactController.getContactList"},"type":"property"}]}],"declarationLoc":{"start":{"line":38,"column":0},"end":{"line":84,"column":1}},"classMembers":[{"type":"property","name":"columns","loc":{"start":{"line":39,"column":4},"end":{"line":39,"column":19}}},{"type":"property","name":"draftValues","loc":{"start":{"line":40,"column":4},"end":{"line":40,"column":21}}},{"type":"property","name":"contacts","loc":{"start":{"line":43,"column":4},"end":{"line":44,"column":13}},"decorator":"wire"},{"type":"method","name":"handleSave","loc":{"start":{"line":46,"column":4},"end":{"line":83,"column":5}}}],"exports":[{"type":"ExportDefaultDeclaration"}]},"updatedAt":"2023-05-09T07:41:48.000Z"},{"_allAttributes":null,"_properties":null,"_methods":null,"file":"/Users/gaurav.setia/Documents/VS Code/lwc-recipes-main/force-app/main/default/lwc/dispatchEventHeadlessAction/dispatchEventHeadlessAction.js","metadata":{"decorators":[{"type":"api","targets":[{"type":"property","name":"recordId","value":{"type":"unresolved"}},{"type":"method","name":"invoke"}]}],"declarationLoc":{"start":{"line":4,"column":0},"end":{"line":27,"column":1}},"classMembers":[{"type":"property","name":"recordId","loc":{"start":{"line":5,"column":4},"end":{"line":5,"column":18}},"decorator":"api","value":{"type":"unresolved"}},{"type":"method","name":"invoke","loc":{"start":{"line":6,"column":4},"end":{"line":21,"column":5}},"decorator":"api"},{"type":"method","name":"sleep","loc":{"start":{"line":23,"column":4},"end":{"line":26,"column":5}}}],"exports":[{"type":"ExportDefaultDeclaration"}]},"updatedAt":"2023-05-09T07:41:48.000Z"},{"_allAttributes":null,"_properties":null,"_methods":null,"file":"/Users/gaurav.setia/Documents/VS Code/lwc-recipes-main/force-app/main/default/lwc/dispatchRefreshEvent/dispatchRefreshEvent.js","metadata":{"decorators":[],"declarationLoc":{"start":{"line":8,"column":0},"end":{"line":32,"column":1}},"classMembers":[{"type":"property","name":"nameField","loc":{"start":{"line":10,"column":4},"end":{"line":10,"column":27}}},{"type":"property","name":"phoneField","loc":{"start":{"line":11,"column":4},"end":{"line":11,"column":29}}},{"type":"property","name":"typeField","loc":{"start":{"line":12,"column":4},"end":{"line":12,"column":27}}},{"type":"method","name":"handleSuccess","loc":{"start":{"line":14,"column":4},"end":{"line":31,"column":5}}}],"exports":[{"type":"ExportDefaultDeclaration"}]},"updatedAt":"2023-05-09T07:41:48.000Z"},{"_allAttributes":null,"_properties":null,"_methods":null,"file":"/Users/gaurav.setia/Documents/VS Code/lwc-recipes-main/force-app/main/default/lwc/editRecordScreenAction/editRecordScreenAction.js","metadata":{"decorators":[{"type":"api","targets":[{"type":"property","name":"recordId","value":{"type":"unresolved"}},{"type":"property","name":"objectApiName","value":{"type":"unresolved"}}]},{"type":"wire","targets":[{"name":"contact","adapter":{"name":"getRecord","reference":"lightning/uiRecordApi"},"type":"property","static":{"fields":{"type":"unresolved","value":"array_expression"}},"params":{"recordId":"recordId"}}]}],"declarationLoc":{"start":{"line":9,"column":0},"end":{"line":68,"column":1}},"classMembers":[{"type":"property","name":"recordId","loc":{"start":{"line":10,"column":4},"end":{"line":10,"column":18}},"decorator":"api","value":{"type":"unresolved"}},{"type":"property","name":"objectApiName","loc":{"start":{"line":11,"column":4},"end":{"line":11,"column":23}},"decorator":"api","value":{"type":"unresolved"}},{"type":"property","name":"contact","loc":{"start":{"line":13,"column":4},"end":{"line":17,"column":12}},"decorator":"wire"},{"type":"property","name":"firstname","loc":{"start":{"line":19,"column":4},"end":{"line":23,"column":5}}},{"type":"property","name":"lastname","loc":{"start":{"line":25,"column":4},"end":{"line":29,"column":5}}},{"type":"method","name":"handleSave","loc":{"start":{"line":31,"column":4},"end":{"line":63,"column":5}}},{"type":"method","name":"handleCancel","loc":{"start":{"line":65,"column":4},"end":{"line":67,"column":5}}}],"exports":[{"type":"ExportDefaultDeclaration"}]},"updatedAt":"2023-05-09T07:41:48.000Z"},{"_allAttributes":null,"_properties":null,"_methods":null,"file":"/Users/gaurav.setia/Documents/VS Code/lwc-recipes-main/force-app/main/default/lwc/errorPanel/errorPanel.js","metadata":{"decorators":[{"type":"api","targets":[{"type":"property","name":"errors","value":{"type":"unresolved"}},{"type":"property","name":"friendlyMessage","value":{"type":"string","value":"Error retrieving data"}},{"type":"property","name":"type","value":{"type":"unresolved"}}]}],"declarationLoc":{"start":{"line":6,"column":0},"end":{"line":28,"column":1}},"classMembers":[{"type":"property","name":"errors","loc":{"start":{"line":8,"column":4},"end":{"line":8,"column":16}},"doc":"* Single or array of LDS errors","decorator":"api","value":{"type":"unresolved"}},{"type":"property","name":"friendlyMessage","loc":{"start":{"line":10,"column":4},"end":{"line":10,"column":51}},"doc":"* Generic / user-friendly message","decorator":"api","value":{"type":"string","value":"Error retrieving data"}},{"type":"property","name":"type","loc":{"start":{"line":12,"column":4},"end":{"line":12,"column":14}},"doc":"* Type of error message *","decorator":"api","value":{"type":"unresolved"}},{"type":"property","name":"viewDetails","loc":{"start":{"line":14,"column":4},"end":{"line":14,"column":24}}},{"type":"property","name":"errorMessages","loc":{"start":{"line":16,"column":4},"end":{"line":18,"column":5}}},{"type":"method","name":"handleShowDetailsClick","loc":{"start":{"line":20,"column":4},"end":{"line":22,"column":5}}},{"type":"method","name":"render","loc":{"start":{"line":24,"column":4},"end":{"line":27,"column":5}}}],"exports":[{"type":"ExportDefaultDeclaration"}]},"updatedAt":"2023-05-09T07:41:48.000Z"},{"_allAttributes":null,"_properties":null,"_methods":null,"file":"/Users/gaurav.setia/Documents/VS Code/lwc-recipes-main/force-app/main/default/lwc/eventBubbling/eventBubbling.js","metadata":{"decorators":[{"type":"wire","targets":[{"name":"contacts","adapter":{"name":"getContactList","reference":"@salesforce/apex/ContactController.getContactList"},"type":"property"}]}],"declarationLoc":{"start":{"line":4,"column":0},"end":{"line":12,"column":1}},"classMembers":[{"type":"property","name":"selectedContact","loc":{"start":{"line":5,"column":4},"end":{"line":5,"column":20}}},{"type":"property","name":"contacts","loc":{"start":{"line":7,"column":4},"end":{"line":7,"column":35}},"decorator":"wire"},{"type":"method","name":"handleContactSelect","loc":{"start":{"line":9,"column":4},"end":{"line":11,"column":5}}}],"exports":[{"type":"ExportDefaultDeclaration"}]},"updatedAt":"2023-05-09T07:41:48.000Z"},{"_allAttributes":null,"_properties":null,"_methods":null,"file":"/Users/gaurav.setia/Documents/VS Code/lwc-recipes-main/force-app/main/default/lwc/eventSimple/eventSimple.js","metadata":{"decorators":[],"declarationLoc":{"start":{"line":3,"column":0},"end":{"line":15,"column":1}},"classMembers":[{"type":"property","name":"page","loc":{"start":{"line":4,"column":4},"end":{"line":4,"column":13}}},{"type":"method","name":"handlePrevious","loc":{"start":{"line":6,"column":4},"end":{"line":10,"column":5}}},{"type":"method","name":"handleNext","loc":{"start":{"line":12,"column":4},"end":{"line":14,"column":5}}}],"exports":[{"type":"ExportDefaultDeclaration"}]},"updatedAt":"2023-05-09T07:41:48.000Z"},{"_allAttributes":null,"_properties":null,"_methods":null,"file":"/Users/gaurav.setia/Documents/VS Code/lwc-recipes-main/force-app/main/default/lwc/eventWithData/eventWithData.js","metadata":{"decorators":[{"type":"wire","targets":[{"name":"contacts","adapter":{"name":"getContactList","reference":"@salesforce/apex/ContactController.getContactList"},"type":"property"}]}],"declarationLoc":{"start":{"line":4,"column":0},"end":{"line":15,"column":1}},"classMembers":[{"type":"property","name":"selectedContact","loc":{"start":{"line":5,"column":4},"end":{"line":5,"column":20}}},{"type":"property","name":"contacts","loc":{"start":{"line":7,"column":4},"end":{"line":7,"column":35}},"decorator":"wire"},{"type":"method","name":"handleSelect","loc":{"start":{"line":9,"column":4},"end":{"line":14,"column":5}}}],"exports":[{"type":"ExportDefaultDeclaration"}]},"updatedAt":"2023-05-09T07:41:48.000Z"},{"_allAttributes":null,"_properties":null,"_methods":null,"file":"/Users/gaurav.setia/Documents/VS Code/lwc-recipes-main/force-app/main/default/lwc/hello/hello.js","metadata":{"decorators":[],"declarationLoc":{"start":{"line":3,"column":0},"end":{"line":5,"column":1}},"classMembers":[{"type":"property","name":"greeting","loc":{"start":{"line":4,"column":4},"end":{"line":4,"column":23}}}],"exports":[{"type":"ExportDefaultDeclaration"}]},"updatedAt":"2023-05-09T07:41:48.000Z"},{"_allAttributes":null,"_properties":null,"_methods":null,"file":"/Users/gaurav.setia/Documents/VS Code/lwc-recipes-main/force-app/main/default/lwc/helloBinding/helloBinding.js","metadata":{"decorators":[],"declarationLoc":{"start":{"line":3,"column":0},"end":{"line":9,"column":1}},"classMembers":[{"type":"property","name":"greeting","loc":{"start":{"line":4,"column":4},"end":{"line":4,"column":23}}},{"type":"method","name":"handleChange","loc":{"start":{"line":6,"column":4},"end":{"line":8,"column":5}}}],"exports":[{"type":"ExportDefaultDeclaration"}]},"updatedAt":"2023-05-09T07:41:48.000Z"},{"_allAttributes":null,"_properties":null,"_methods":null,"file":"/Users/gaurav.setia/Documents/VS Code/lwc-recipes-main/force-app/main/default/lwc/helloConditionalRendering/helloConditionalRendering.js","metadata":{"decorators":[],"declarationLoc":{"start":{"line":3,"column":0},"end":{"line":9,"column":1}},"classMembers":[{"type":"property","name":"areDetailsVisible","loc":{"start":{"line":4,"column":4},"end":{"line":4,"column":30}}},{"type":"method","name":"handleChange","loc":{"start":{"line":6,"column":4},"end":{"line":8,"column":5}}}],"exports":[{"type":"ExportDefaultDeclaration"}]},"updatedAt":"2023-05-09T07:41:48.000Z"},{"_allAttributes":null,"_properties":null,"_methods":null,"file":"/Users/gaurav.setia/Documents/VS Code/lwc-recipes-main/force-app/main/default/lwc/helloExpressions/helloExpressions.js","metadata":{"decorators":[],"declarationLoc":{"start":{"line":3,"column":0},"end":{"line":19,"column":1}},"classMembers":[{"type":"property","name":"firstName","loc":{"start":{"line":4,"column":4},"end":{"line":4,"column":19}}},{"type":"property","name":"lastName","loc":{"start":{"line":5,"column":4},"end":{"line":5,"column":18}}},{"type":"method","name":"handleChange","loc":{"start":{"line":7,"column":4},"end":{"line":14,"column":5}}},{"type":"property","name":"uppercasedFullName","loc":{"start":{"line":16,"column":4},"end":{"line":18,"column":5}}}],"exports":[{"type":"ExportDefaultDeclaration"}]},"updatedAt":"2023-05-09T07:41:48.000Z"},{"_allAttributes":null,"_properties":null,"_methods":null,"file":"/Users/gaurav.setia/Documents/VS Code/lwc-recipes-main/force-app/main/default/lwc/helloForEach/helloForEach.js","metadata":{"decorators":[],"declarationLoc":{"start":{"line":3,"column":0},"end":{"line":21,"column":1}},"classMembers":[{"type":"property","name":"contacts","loc":{"start":{"line":4,"column":4},"end":{"line":20,"column":6}}}],"exports":[{"type":"ExportDefaultDeclaration"}]},"updatedAt":"2023-05-09T07:41:48.000Z"},{"_allAttributes":null,"_properties":null,"_methods":null,"file":"/Users/gaurav.setia/Documents/VS Code/lwc-recipes-main/force-app/main/default/lwc/helloIterator/helloIterator.js","metadata":{"decorators":[],"declarationLoc":{"start":{"line":3,"column":0},"end":{"line":21,"column":1}},"classMembers":[{"type":"property","name":"contacts","loc":{"start":{"line":4,"column":4},"end":{"line":20,"column":6}}}],"exports":[{"type":"ExportDefaultDeclaration"}]},"updatedAt":"2023-05-09T07:41:48.000Z"},{"_allAttributes":null,"_properties":null,"_methods":null,"file":"/Users/gaurav.setia/Documents/VS Code/lwc-recipes-main/force-app/main/default/lwc/lds/lds.js","metadata":{"decorators":[{"type":"wire","targets":[{"name":"contact","adapter":{"name":"getSingleContact","reference":"@salesforce/apex/ContactController.getSingleContact"},"type":"property"}]}],"exports":[{"type":"ExportDefaultDeclaration"}]},"updatedAt":"2023-05-09T07:41:48.000Z"},{"_allAttributes":null,"_properties":null,"_methods":null,"file":"/Users/gaurav.setia/Documents/VS Code/lwc-recipes-main/force-app/main/default/lwc/ldsCreateRecord/ldsCreateRecord.js","metadata":{"decorators":[],"declarationLoc":{"start":{"line":8,"column":0},"end":{"line":43,"column":1}},"classMembers":[{"type":"property","name":"accountId","loc":{"start":{"line":9,"column":4},"end":{"line":9,"column":14}}},{"type":"property","name":"name","loc":{"start":{"line":11,"column":4},"end":{"line":11,"column":14}}},{"type":"method","name":"handleNameChange","loc":{"start":{"line":13,"column":4},"end":{"line":16,"column":5}}},{"type":"method","name":"createAccount","loc":{"start":{"line":18,"column":4},"end":{"line":42,"column":5}}}],"exports":[{"type":"ExportDefaultDeclaration"}]},"updatedAt":"2023-05-09T07:41:48.000Z"},{"_allAttributes":null,"_properties":null,"_methods":null,"file":"/Users/gaurav.setia/Documents/VS Code/lwc-recipes-main/force-app/main/default/lwc/ldsDeleteRecord/ldsDeleteRecord.js","metadata":{"decorators":[{"type":"wire","targets":[{"name":"wiredAccounts","adapter":{"name":"getAccountList","reference":"@salesforce/apex/AccountController.getAccountList"},"type":"method"}]}],"declarationLoc":{"start":{"line":8,"column":0},"end":{"line":50,"column":1}},"classMembers":[{"type":"property","name":"accounts","loc":{"start":{"line":9,"column":4},"end":{"line":9,"column":13}}},{"type":"property","name":"error","loc":{"start":{"line":10,"column":4},"end":{"line":10,"column":10}}},{"type":"property","name":"wiredAccountsResult","loc":{"start":{"line":13,"column":4},"end":{"line":13,"column":24}},"doc":"* Wired Apex result so it can be refreshed programmatically"},{"type":"method","name":"wiredAccounts","loc":{"start":{"line":15,"column":4},"end":{"line":25,"column":5}},"decorator":"wire"},{"type":"method","name":"deleteAccount","loc":{"start":{"line":27,"column":4},"end":{"line":49,"column":5}}}],"exports":[{"type":"ExportDefaultDeclaration"}]},"updatedAt":"2023-05-09T07:41:48.000Z"},{"_allAttributes":null,"_properties":null,"_methods":null,"file":"/Users/gaurav.setia/Documents/VS Code/lwc-recipes-main/force-app/main/default/lwc/ldsGenerateRecordInputForCreate/ldsGenerateRecordInputForCreate.js","metadata":{"decorators":[{"type":"wire","targets":[{"name":"loadAccountCreateDefaults","adapter":{"name":"getRecordCreateDefaults","reference":"lightning/uiRecordApi"},"type":"method","static":{"objectApiName":{"value":"@salesforce/schema/Account","type":"module"}},"params":{}}]}],"declarationLoc":{"start":{"line":13,"column":0},"end":{"line":65,"column":1}},"classMembers":[{"type":"property","name":"areaNumber","loc":{"start":{"line":14,"column":4},"end":{"line":14,"column":15}}},{"type":"property","name":"areaNumberField","loc":{"start":{"line":15,"column":4},"end":{"line":15,"column":52}}},{"type":"property","name":"areaNumberCreateable","loc":{"start":{"line":16,"column":4},"end":{"line":16,"column":25}}},{"type":"property","name":"error","loc":{"start":{"line":17,"column":4},"end":{"line":17,"column":10}}},{"type":"property","name":"nameField","loc":{"start":{"line":18,"column":4},"end":{"line":18,"column":40}}},{"type":"property","name":"recordInput","loc":{"start":{"line":19,"column":4},"end":{"line":19,"column":16}}},{"type":"method","name":"loadAccountCreateDefaults","loc":{"start":{"line":21,"column":4},"end":{"line":37,"column":5}},"decorator":"wire"},{"type":"method","name":"handleFieldChange","loc":{"start":{"line":39,"column":4},"end":{"line":42,"column":5}}},{"type":"method","name":"createAccount","loc":{"start":{"line":44,"column":4},"end":{"line":64,"column":5}}}],"exports":[{"type":"ExportDefaultDeclaration"}]},"updatedAt":"2023-05-09T07:41:48.000Z"},{"_allAttributes":null,"_properties":null,"_methods":null,"file":"/Users/gaurav.setia/Documents/VS Code/lwc-recipes-main/force-app/main/default/lwc/ldsNotifyRecordUpdateAvailable/ldsNotifyRecordUpdateAvailable.js","metadata":{"decorators":[{"type":"api","targets":[{"type":"property","name":"recordId","value":{"type":"unresolved"}}]},{"type":"wire","targets":[{"name":"contact","adapter":{"name":"getRecord","reference":"lightning/uiRecordApi"},"type":"property","static":{"fields":{"type":"unresolved","value":"identifier"}},"params":{"recordId":"recordId"}}]}],"declarationLoc":{"start":{"line":15,"column":0},"end":{"line":57,"column":1}},"classMembers":[{"type":"property","name":"recordId","loc":{"start":{"line":16,"column":4},"end":{"line":16,"column":18}},"decorator":"api","value":{"type":"unresolved"}},{"type":"property","name":"contact","loc":{"start":{"line":18,"column":4},"end":{"line":19,"column":12}},"decorator":"wire"},{"type":"property","name":"firstName","loc":{"start":{"line":21,"column":4},"end":{"line":23,"column":5}}},{"type":"property","name":"lastName","loc":{"start":{"line":25,"column":4},"end":{"line":27,"column":5}}},{"type":"method","name":"handleContactUpdate","loc":{"start":{"line":29,"column":4},"end":{"line":56,"column":5}}}],"exports":[{"type":"ExportDefaultDeclaration"}]},"updatedAt":"2023-05-09T07:41:48.000Z"},{"_allAttributes":null,"_properties":null,"_methods":null,"file":"/Users/gaurav.setia/Documents/VS Code/lwc-recipes-main/force-app/main/default/lwc/libsChartjs/libsChartjs.js","metadata":{"decorators":[],"declarationLoc":{"start":{"line":19,"column":0},"end":{"line":79,"column":1}},"classMembers":[{"type":"property","name":"error","loc":{"start":{"line":20,"column":4},"end":{"line":20,"column":10}}},{"type":"property","name":"chart","loc":{"start":{"line":21,"column":4},"end":{"line":21,"column":10}}},{"type":"property","name":"chartjsInitialized","loc":{"start":{"line":22,"column":4},"end":{"line":22,"column":31}}},{"type":"property","name":"config","loc":{"start":{"line":24,"column":4},"end":{"line":60,"column":6}}},{"type":"method","name":"renderedCallback","loc":{"start":{"line":62,"column":4},"end":{"line":78,"column":5}}}],"exports":[{"type":"ExportDefaultDeclaration"}]},"updatedAt":"2023-05-09T07:41:48.000Z"},{"_allAttributes":null,"_properties":null,"_methods":null,"file":"/Users/gaurav.setia/Documents/VS Code/lwc-recipes-main/force-app/main/default/lwc/libsD3/libsD3.js","metadata":{"decorators":[],"declarationLoc":{"start":{"line":19,"column":0},"end":{"line":134,"column":1}},"classMembers":[{"type":"property","name":"svgWidth","loc":{"start":{"line":20,"column":4},"end":{"line":20,"column":19}}},{"type":"property","name":"svgHeight","loc":{"start":{"line":21,"column":4},"end":{"line":21,"column":20}}},{"type":"property","name":"d3Initialized","loc":{"start":{"line":23,"column":4},"end":{"line":23,"column":26}}},{"type":"method","name":"renderedCallback","loc":{"start":{"line":25,"column":4},"end":{"line":47,"column":5}}},{"type":"method","name":"initializeD3","loc":{"start":{"line":49,"column":4},"end":{"line":133,"column":5}}}],"exports":[{"type":"ExportDefaultDeclaration"}]},"updatedAt":"2023-05-09T07:41:48.000Z"},{"_allAttributes":null,"_properties":null,"_methods":null,"file":"/Users/gaurav.setia/Documents/VS Code/lwc-recipes-main/force-app/main/default/lwc/libsFullCalendar/libsFullCalendar.js","metadata":{"decorators":[],"doc":"When using this component in an LWR site, please import the below custom implementation of 'loadScript' module\ninstead of the one from 'lightning/platformResourceLoader'\n\nimport { loadScript } from 'c/resourceLoader';\n\nThis workaround is implemented to get around a limitation of the Lightning Locker library in LWR sites.\nRead more about it in the \"Lightning Locker Limitations\" section of the documentation\nhttps://developer.salesforce.com/docs/atlas.en-us.exp_cloud_lwr.meta/exp_cloud_lwr/template_limitations.htm","declarationLoc":{"start":{"line":15,"column":0},"end":{"line":50,"column":1}},"classMembers":[{"type":"property","name":"isCalInitialized","loc":{"start":{"line":16,"column":4},"end":{"line":16,"column":29}}},{"type":"property","name":"error","loc":{"start":{"line":17,"column":4},"end":{"line":17,"column":10}}},{"type":"method","name":"renderedCallback","loc":{"start":{"line":19,"column":4},"end":{"line":34,"column":5}}},{"type":"method","name":"initializeCalendar","loc":{"start":{"line":36,"column":4},"end":{"line":49,"column":5}}}],"exports":[{"type":"ExportDefaultDeclaration"}]},"updatedAt":"2023-05-09T07:41:48.000Z"},{"_allAttributes":null,"_properties":null,"_methods":null,"file":"/Users/gaurav.setia/Documents/VS Code/lwc-recipes-main/force-app/main/default/lwc/lightDomQuery/lightDomQuery.js","metadata":{"decorators":[],"declarationLoc":{"start":{"line":3,"column":0},"end":{"line":9,"column":1}},"classMembers":[{"type":"method","name":"handleButtonClick","loc":{"start":{"line":4,"column":4},"end":{"line":8,"column":5}}}],"exports":[{"type":"ExportDefaultDeclaration"}]},"updatedAt":"2023-05-09T07:41:48.000Z"},{"_allAttributes":null,"_properties":null,"_methods":null,"file":"/Users/gaurav.setia/Documents/VS Code/lwc-recipes-main/force-app/main/default/lwc/lightDomQueryChild/lightDomQueryChild.js","metadata":{"decorators":[],"declarationLoc":{"start":{"line":3,"column":0},"end":{"line":11,"column":1}},"classMembers":[{"type":"property","name":"renderMode","loc":{"start":{"line":4,"column":4},"end":{"line":4,"column":32}}},{"type":"method","name":"handleButtonClick","loc":{"start":{"line":6,"column":4},"end":{"line":10,"column":5}}}],"exports":[{"type":"ExportDefaultDeclaration"}]},"updatedAt":"2023-05-09T07:41:48.000Z"},{"_allAttributes":null,"_properties":null,"_methods":null,"file":"/Users/gaurav.setia/Documents/VS Code/lwc-recipes-main/force-app/main/default/lwc/lmsPublisherWebComponent/lmsPublisherWebComponent.js","metadata":{"decorators":[{"type":"wire","targets":[{"name":"contacts","adapter":{"name":"getContactList","reference":"@salesforce/apex/ContactController.getContactList"},"type":"property"},{"name":"messageContext","adapter":{"name":"MessageContext","reference":"lightning/messageService"},"type":"property"}]}],"declarationLoc":{"start":{"line":8,"column":0},"end":{"line":21,"column":1}},"classMembers":[{"type":"property","name":"contacts","loc":{"start":{"line":9,"column":4},"end":{"line":10,"column":13}},"decorator":"wire"},{"type":"property","name":"messageContext","loc":{"start":{"line":12,"column":4},"end":{"line":13,"column":19}},"decorator":"wire"},{"type":"method","name":"handleContactSelect","loc":{"start":{"line":16,"column":4},"end":{"line":20,"column":5}}}],"exports":[{"type":"ExportDefaultDeclaration"}]},"updatedAt":"2023-05-09T07:41:48.000Z"},{"_allAttributes":null,"_properties":null,"_methods":null,"file":"/Users/gaurav.setia/Documents/VS Code/lwc-recipes-main/force-app/main/default/lwc/lmsSubscriberWebComponent/lmsSubscriberWebComponent.js","metadata":{"decorators":[{"type":"wire","targets":[{"name":"wiredRecord","adapter":{"name":"getRecord","reference":"lightning/uiRecordApi"},"type":"method","static":{"fields":{"type":"unresolved","value":"identifier"}},"params":{"recordId":"recordId"}},{"name":"messageContext","adapter":{"name":"MessageContext","reference":"lightning/messageService"},"type":"property"}]}],"declarationLoc":{"start":{"line":24,"column":0},"end":{"line":79,"column":1}},"classMembers":[{"type":"property","name":"subscription","loc":{"start":{"line":25,"column":4},"end":{"line":25,"column":24}}},{"type":"property","name":"recordId","loc":{"start":{"line":26,"column":4},"end":{"line":26,"column":13}}},{"type":"property","name":"Name","loc":{"start":{"line":28,"column":4},"end":{"line":28,"column":9}}},{"type":"property","name":"Title","loc":{"start":{"line":29,"column":4},"end":{"line":29,"column":10}}},{"type":"property","name":"Phone","loc":{"start":{"line":30,"column":4},"end":{"line":30,"column":10}}},{"type":"property","name":"Email","loc":{"start":{"line":31,"column":4},"end":{"line":31,"column":10}}},{"type":"property","name":"Picture__c","loc":{"start":{"line":32,"column":4},"end":{"line":32,"column":15}}},{"type":"method","name":"wiredRecord","loc":{"start":{"line":34,"column":4},"end":{"line":43,"column":5}},"decorator":"wire"},{"type":"property","name":"messageContext","loc":{"start":{"line":47,"column":4},"end":{"line":48,"column":19}},"decorator":"wire"},{"type":"method","name":"subscribeToMessageChannel","loc":{"start":{"line":51,"column":4},"end":{"line":57,"column":5}}},{"type":"method","name":"handleMessage","loc":{"start":{"line":60,"column":4},"end":{"line":62,"column":5}}},{"type":"method","name":"connectedCallback","loc":{"start":{"line":65,"column":4},"end":{"line":67,"column":5}}},{"type":"method","name":"dispatchToast","loc":{"start":{"line":70,"column":4},"end":{"line":78,"column":5}}}],"exports":[{"type":"ExportDefaultDeclaration"}]},"updatedAt":"2023-05-09T07:41:48.000Z"},{"_allAttributes":null,"_properties":null,"_methods":null,"file":"/Users/gaurav.setia/Documents/VS Code/lwc-recipes-main/force-app/main/default/lwc/miscContentAsset/miscContentAsset.js","metadata":{"decorators":[],"declarationLoc":{"start":{"line":4,"column":0},"end":{"line":7,"column":1}},"classMembers":[{"type":"property","name":"recipesLogoUrl","loc":{"start":{"line":6,"column":4},"end":{"line":6,"column":33}}}],"exports":[{"type":"ExportDefaultDeclaration"}]},"updatedAt":"2023-05-09T07:41:48.000Z"},{"_allAttributes":null,"_properties":null,"_methods":null,"file":"/Users/gaurav.setia/Documents/VS Code/lwc-recipes-main/force-app/main/default/lwc/miscDomQuery/miscDomQuery.js","metadata":{"decorators":[],"declarationLoc":{"start":{"line":3,"column":0},"end":{"line":17,"column":1}},"classMembers":[{"type":"property","name":"selection","loc":{"start":{"line":4,"column":4},"end":{"line":4,"column":14}}},{"type":"method","name":"handleCheckboxChange","loc":{"start":{"line":6,"column":4},"end":{"line":16,"column":5}}}],"exports":[{"type":"ExportDefaultDeclaration"}]},"updatedAt":"2023-05-09T07:41:48.000Z"},{"_allAttributes":null,"_properties":null,"_methods":null,"file":"/Users/gaurav.setia/Documents/VS Code/lwc-recipes-main/force-app/main/default/lwc/miscGetUserId/miscGetUserId.js","metadata":{"decorators":[],"declarationLoc":{"start":{"line":4,"column":0},"end":{"line":6,"column":1}},"classMembers":[{"type":"property","name":"userId","loc":{"start":{"line":5,"column":4},"end":{"line":5,"column":16}}}],"exports":[{"type":"ExportDefaultDeclaration"}]},"updatedAt":"2023-05-09T07:41:48.000Z"},{"_allAttributes":null,"_properties":null,"_methods":null,"file":"/Users/gaurav.setia/Documents/VS Code/lwc-recipes-main/force-app/main/default/lwc/miscModal/miscModal.js","metadata":{"decorators":[],"declarationLoc":{"start":{"line":4,"column":0},"end":{"line":26,"column":1}},"classMembers":[{"type":"property","name":"content","loc":{"start":{"line":5,"column":4},"end":{"line":5,"column":34}}},{"type":"property","name":"header","loc":{"start":{"line":6,"column":4},"end":{"line":6,"column":32}}},{"type":"method","name":"handleHeaderChange","loc":{"start":{"line":8,"column":4},"end":{"line":10,"column":5}}},{"type":"method","name":"handleContentChange","loc":{"start":{"line":12,"column":4},"end":{"line":14,"column":5}}},{"type":"method","name":"handleShowModal","loc":{"start":{"line":18,"column":4},"end":{"line":25,"column":5}}}],"exports":[{"type":"ExportDefaultDeclaration"}]},"updatedAt":"2023-05-09T07:41:48.000Z"},{"_allAttributes":null,"_properties":null,"_methods":null,"file":"/Users/gaurav.setia/Documents/VS Code/lwc-recipes-main/force-app/main/default/lwc/miscMultipleTemplates/miscMultipleTemplates.js","metadata":{"decorators":[],"declarationLoc":{"start":{"line":8,"column":0},"end":{"line":21,"column":1}},"classMembers":[{"type":"property","name":"showTemplateOne","loc":{"start":{"line":9,"column":4},"end":{"line":9,"column":27}}},{"type":"property","name":"trailheadLogoUrl","loc":{"start":{"line":11,"column":4},"end":{"line":11,"column":37}}},{"type":"property","name":"einsteinUrl","loc":{"start":{"line":12,"column":4},"end":{"line":12,"column":63}}},{"type":"method","name":"render","loc":{"start":{"line":14,"column":4},"end":{"line":16,"column":5}}},{"type":"method","name":"switchTemplate","loc":{"start":{"line":18,"column":4},"end":{"line":20,"column":5}}}],"exports":[{"type":"ExportDefaultDeclaration"}]},"updatedAt":"2023-05-09T07:41:48.000Z"},{"_allAttributes":null,"_properties":null,"_methods":null,"file":"/Users/gaurav.setia/Documents/VS Code/lwc-recipes-main/force-app/main/default/lwc/miscNotificationModules/miscNotificationModules.js","metadata":{"decorators":[],"declarationLoc":{"start":{"line":6,"column":0},"end":{"line":43,"column":1}},"classMembers":[{"type":"property","name":"confirmStatus","loc":{"start":{"line":7,"column":4},"end":{"line":7,"column":18}}},{"type":"property","name":"promptValue","loc":{"start":{"line":8,"column":4},"end":{"line":8,"column":16}}},{"type":"method","name":"handleAlertClick","loc":{"start":{"line":10,"column":4},"end":{"line":16,"column":5}}},{"type":"method","name":"handleConfirmClick","loc":{"start":{"line":18,"column":4},"end":{"line":30,"column":5}}},{"type":"method","name":"handlePromptClick","loc":{"start":{"line":32,"column":4},"end":{"line":42,"column":5}}}],"exports":[{"type":"ExportDefaultDeclaration"}]},"updatedAt":"2023-05-09T07:41:48.000Z"},{"_allAttributes":null,"_properties":null,"_methods":null,"file":"/Users/gaurav.setia/Documents/VS Code/lwc-recipes-main/force-app/main/default/lwc/miscPermissionBasedUI/miscPermissionBasedUI.js","metadata":{"decorators":[],"declarationLoc":{"start":{"line":7,"column":0},"end":{"line":12,"column":1}},"classMembers":[{"type":"property","name":"isRestrictedUIAccessible","loc":{"start":{"line":9,"column":4},"end":{"line":11,"column":5}}}],"exports":[{"type":"ExportDefaultDeclaration"}]},"updatedAt":"2023-05-09T07:41:48.000Z"},{"_allAttributes":null,"_properties":null,"_methods":null,"file":"/Users/gaurav.setia/Documents/VS Code/lwc-recipes-main/force-app/main/default/lwc/miscRestApiCall/miscRestApiCall.js","metadata":{"decorators":[],"declarationLoc":{"start":{"line":7,"column":0},"end":{"line":36,"column":1}},"classMembers":[{"type":"property","name":"searchKey","loc":{"start":{"line":8,"column":4},"end":{"line":8,"column":31}}},{"type":"property","name":"books","loc":{"start":{"line":9,"column":4},"end":{"line":9,"column":10}}},{"type":"property","name":"error","loc":{"start":{"line":10,"column":4},"end":{"line":10,"column":10}}},{"type":"property","name":"isLoading","loc":{"start":{"line":11,"column":4},"end":{"line":11,"column":22}}},{"type":"method","name":"handleSearchKeyChange","loc":{"start":{"line":13,"column":4},"end":{"line":15,"column":5}}},{"type":"method","name":"handleSearchClick","loc":{"start":{"line":17,"column":4},"end":{"line":35,"column":5}}}],"exports":[{"type":"ExportDefaultDeclaration"}]},"updatedAt":"2023-05-09T07:41:48.000Z"},{"_allAttributes":null,"_properties":null,"_methods":null,"file":"/Users/gaurav.setia/Documents/VS Code/lwc-recipes-main/force-app/main/default/lwc/miscSharedJavaScript/miscSharedJavaScript.js","metadata":{"decorators":[],"declarationLoc":{"start":{"line":4,"column":0},"end":{"line":31,"column":1}},"classMembers":[{"type":"property","name":"principal","loc":{"start":{"line":5,"column":4},"end":{"line":5,"column":23}}},{"type":"property","name":"term","loc":{"start":{"line":6,"column":4},"end":{"line":6,"column":14}}},{"type":"property","name":"rate","loc":{"start":{"line":7,"column":4},"end":{"line":7,"column":13}}},{"type":"property","name":"monthlyPayment","loc":{"start":{"line":8,"column":4},"end":{"line":8,"column":24}}},{"type":"property","name":"termOptions","loc":{"start":{"line":10,"column":4},"end":{"line":10,"column":35}}},{"type":"method","name":"principalChange","loc":{"start":{"line":12,"column":4},"end":{"line":14,"column":5}}},{"type":"method","name":"termChange","loc":{"start":{"line":16,"column":4},"end":{"line":18,"column":5}}},{"type":"method","name":"rateChange","loc":{"start":{"line":20,"column":4},"end":{"line":22,"column":5}}},{"type":"method","name":"calculateMonthlyPayment","loc":{"start":{"line":24,"column":4},"end":{"line":30,"column":5}}}],"exports":[{"type":"ExportDefaultDeclaration"}]},"updatedAt":"2023-05-09T07:41:48.000Z"},{"_allAttributes":null,"_properties":null,"_methods":null,"file":"/Users/gaurav.setia/Documents/VS Code/lwc-recipes-main/force-app/main/default/lwc/miscStaticResource/miscStaticResource.js","metadata":{"decorators":[],"declarationLoc":{"start":{"line":5,"column":0},"end":{"line":11,"column":1}},"classMembers":[{"type":"property","name":"trailheadLogoUrl","loc":{"start":{"line":7,"column":4},"end":{"line":7,"column":37}}},{"type":"property","name":"einsteinUrl","loc":{"start":{"line":10,"column":4},"end":{"line":10,"column":63}}}],"exports":[{"type":"ExportDefaultDeclaration"}]},"updatedAt":"2023-05-09T07:41:48.000Z"},{"_allAttributes":null,"_properties":null,"_methods":null,"file":"/Users/gaurav.setia/Documents/VS Code/lwc-recipes-main/force-app/main/default/lwc/miscStylingHooks/miscStylingHooks.js","metadata":{"decorators":[],"declarationLoc":{"start":{"line":3,"column":0},"end":{"line":3,"column":65}},"classMembers":[],"exports":[{"type":"ExportDefaultDeclaration"}]},"updatedAt":"2023-05-09T07:41:48.000Z"},{"_allAttributes":null,"_properties":null,"_methods":null,"file":"/Users/gaurav.setia/Documents/VS Code/lwc-recipes-main/force-app/main/default/lwc/miscToastNotification/miscToastNotification.js","metadata":{"decorators":[],"declarationLoc":{"start":{"line":4,"column":0},"end":{"line":35,"column":1}},"classMembers":[{"type":"property","name":"titleText","loc":{"start":{"line":5,"column":4},"end":{"line":5,"column":31}}},{"type":"property","name":"messageText","loc":{"start":{"line":6,"column":4},"end":{"line":6,"column":35}}},{"type":"property","name":"variant","loc":{"start":{"line":7,"column":4},"end":{"line":7,"column":22}}},{"type":"property","name":"variantOptions","loc":{"start":{"line":8,"column":4},"end":{"line":13,"column":6}}},{"type":"method","name":"titleChange","loc":{"start":{"line":15,"column":4},"end":{"line":17,"column":5}}},{"type":"method","name":"messageChange","loc":{"start":{"line":19,"column":4},"end":{"line":21,"column":5}}},{"type":"method","name":"variantChange","loc":{"start":{"line":23,"column":4},"end":{"line":25,"column":5}}},{"type":"method","name":"showNotification","loc":{"start":{"line":27,"column":4},"end":{"line":34,"column":5}}}],"exports":[{"type":"ExportDefaultDeclaration"}]},"updatedAt":"2023-05-09T07:41:48.000Z"},{"_allAttributes":null,"_properties":null,"_methods":null,"file":"/Users/gaurav.setia/Documents/VS Code/lwc-recipes-main/force-app/main/default/lwc/myModal/myModal.js","metadata":{"decorators":[{"type":"api","targets":[{"type":"property","name":"header","value":{"type":"unresolved"}},{"type":"property","name":"content","value":{"type":"unresolved"}}]}],"exports":[{"type":"ExportDefaultDeclaration"}]},"updatedAt":"2023-05-09T07:41:48.000Z"},{"_allAttributes":null,"_properties":null,"_methods":null,"file":"/Users/gaurav.setia/Documents/VS Code/lwc-recipes-main/force-app/main/default/lwc/navToChatterHome/navToChatterHome.js","metadata":{"decorators":[],"exports":[{"type":"ExportDefaultDeclaration"}]},"updatedAt":"2023-05-09T07:41:48.000Z"},{"_allAttributes":null,"_properties":null,"_methods":null,"file":"/Users/gaurav.setia/Documents/VS Code/lwc-recipes-main/force-app/main/default/lwc/navToFilesHome/navToFilesHome.js","metadata":{"decorators":[],"exports":[{"type":"ExportDefaultDeclaration"}]},"updatedAt":"2023-05-09T07:41:48.000Z"},{"_allAttributes":null,"_properties":null,"_methods":null,"file":"/Users/gaurav.setia/Documents/VS Code/lwc-recipes-main/force-app/main/default/lwc/navToHelloTab/navToHelloTab.js","metadata":{"decorators":[],"exports":[{"type":"ExportDefaultDeclaration"}]},"updatedAt":"2023-05-09T07:41:48.000Z"},{"_allAttributes":null,"_properties":null,"_methods":null,"file":"/Users/gaurav.setia/Documents/VS Code/lwc-recipes-main/force-app/main/default/lwc/navToHome/navToHome.js","metadata":{"decorators":[],"exports":[{"type":"ExportDefaultDeclaration"}]},"updatedAt":"2023-05-09T07:41:48.000Z"},{"_allAttributes":null,"_properties":null,"_methods":null,"file":"/Users/gaurav.setia/Documents/VS Code/lwc-recipes-main/force-app/main/default/lwc/navToListView/navToListView.js","metadata":{"decorators":[],"exports":[{"type":"ExportDefaultDeclaration"}]},"updatedAt":"2023-05-09T07:41:48.000Z"},{"_allAttributes":null,"_properties":null,"_methods":null,"file":"/Users/gaurav.setia/Documents/VS Code/lwc-recipes-main/force-app/main/default/lwc/navToNewRecord/navToNewRecord.js","metadata":{"decorators":[],"exports":[{"type":"ExportDefaultDeclaration"}]},"updatedAt":"2023-05-09T07:41:48.000Z"},{"_allAttributes":null,"_properties":null,"_methods":null,"file":"/Users/gaurav.setia/Documents/VS Code/lwc-recipes-main/force-app/main/default/lwc/navToNewRecordWithDefaults/navToNewRecordWithDefaults.js","metadata":{"decorators":[],"exports":[{"type":"ExportDefaultDeclaration"}]},"updatedAt":"2023-05-09T07:41:48.000Z"},{"_allAttributes":null,"_properties":null,"_methods":null,"file":"/Users/gaurav.setia/Documents/VS Code/lwc-recipes-main/force-app/main/default/lwc/navToRecord/navToRecord.js","metadata":{"decorators":[{"type":"wire","targets":[{"name":"contact","adapter":{"name":"getSingleContact","reference":"@salesforce/apex/ContactController.getSingleContact"},"type":"property"}]}],"exports":[{"type":"ExportDefaultDeclaration"}]},"updatedAt":"2023-05-09T07:41:48.000Z"},{"_allAttributes":null,"_properties":null,"_methods":null,"file":"/Users/gaurav.setia/Documents/VS Code/lwc-recipes-main/force-app/main/default/lwc/navToRelatedList/navToRelatedList.js","metadata":{"decorators":[{"type":"wire","targets":[{"name":"account","adapter":{"name":"getSingleAccount","reference":"@salesforce/apex/AccountController.getSingleAccount"},"type":"property"}]}],"exports":[{"type":"ExportDefaultDeclaration"}]},"updatedAt":"2023-05-09T07:41:48.000Z"},{"_allAttributes":null,"_properties":null,"_methods":null,"file":"/Users/gaurav.setia/Documents/VS Code/lwc-recipes-main/force-app/main/default/lwc/navigateToRecordHeadlessAction/navigateToRecordHeadlessAction.js","metadata":{"decorators":[{"type":"api","targets":[{"type":"method","name":"invoke"}]}],"exports":[{"type":"ExportDefaultDeclaration"}]},"updatedAt":"2023-05-09T07:41:48.000Z"},{"_allAttributes":null,"_properties":null,"_methods":null,"file":"/Users/gaurav.setia/Documents/VS Code/lwc-recipes-main/force-app/main/default/lwc/paginator/paginator.js","metadata":{"decorators":[],"declarationLoc":{"start":{"line":3,"column":0},"end":{"line":11,"column":1}},"classMembers":[{"type":"method","name":"handlePrevious","loc":{"start":{"line":4,"column":4},"end":{"line":6,"column":5}}},{"type":"method","name":"handleNext","loc":{"start":{"line":8,"column":4},"end":{"line":10,"column":5}}}],"exports":[{"type":"ExportDefaultDeclaration"}]},"updatedAt":"2023-05-09T07:41:48.000Z"},{"_allAttributes":null,"_properties":null,"_methods":null,"file":"/Users/gaurav.setia/Documents/VS Code/lwc-recipes-main/force-app/main/default/lwc/recordEditFormDynamicContact/recordEditFormDynamicContact.js","metadata":{"decorators":[{"type":"api","targets":[{"type":"property","name":"recordId","value":{"type":"unresolved"}},{"type":"property","name":"objectApiName","value":{"type":"unresolved"}}]}],"declarationLoc":{"start":{"line":3,"column":0},"end":{"line":6,"column":1}},"classMembers":[{"type":"property","name":"recordId","loc":{"start":{"line":4,"column":4},"end":{"line":4,"column":18}},"decorator":"api","value":{"type":"unresolved"}},{"type":"property","name":"objectApiName","loc":{"start":{"line":5,"column":4},"end":{"line":5,"column":23}},"decorator":"api","value":{"type":"unresolved"}}],"exports":[{"type":"ExportDefaultDeclaration"}]},"updatedAt":"2023-05-09T07:41:48.000Z"},{"_allAttributes":null,"_properties":null,"_methods":null,"file":"/Users/gaurav.setia/Documents/VS Code/lwc-recipes-main/force-app/main/default/lwc/recordEditFormStaticContact/recordEditFormStaticContact.js","metadata":{"decorators":[{"type":"api","targets":[{"type":"property","name":"recordId","value":{"type":"unresolved"}},{"type":"property","name":"objectApiName","value":{"type":"unresolved"}}]}],"declarationLoc":{"start":{"line":9,"column":0},"end":{"line":19,"column":1}},"classMembers":[{"type":"property","name":"accountField","loc":{"start":{"line":11,"column":4},"end":{"line":11,"column":33}}},{"type":"property","name":"nameField","loc":{"start":{"line":12,"column":4},"end":{"line":12,"column":27}}},{"type":"property","name":"titleField","loc":{"start":{"line":13,"column":4},"end":{"line":13,"column":29}}},{"type":"property","name":"phoneField","loc":{"start":{"line":14,"column":4},"end":{"line":14,"column":29}}},{"type":"property","name":"emailField","loc":{"start":{"line":15,"column":4},"end":{"line":15,"column":29}}},{"type":"property","name":"recordId","loc":{"start":{"line":17,"column":4},"end":{"line":17,"column":18}},"decorator":"api","value":{"type":"unresolved"}},{"type":"property","name":"objectApiName","loc":{"start":{"line":18,"column":4},"end":{"line":18,"column":23}},"decorator":"api","value":{"type":"unresolved"}}],"exports":[{"type":"ExportDefaultDeclaration"}]},"updatedAt":"2023-05-09T07:41:48.000Z"},{"_allAttributes":null,"_properties":null,"_methods":null,"file":"/Users/gaurav.setia/Documents/VS Code/lwc-recipes-main/force-app/main/default/lwc/recordFormDynamicContact/recordFormDynamicContact.js","metadata":{"decorators":[{"type":"api","targets":[{"type":"property","name":"recordId","value":{"type":"unresolved"}},{"type":"property","name":"objectApiName","value":{"type":"unresolved"}}]}],"declarationLoc":{"start":{"line":3,"column":0},"end":{"line":8,"column":1}},"classMembers":[{"type":"property","name":"recordId","loc":{"start":{"line":5,"column":4},"end":{"line":5,"column":18}},"decorator":"api","value":{"type":"unresolved"}},{"type":"property","name":"objectApiName","loc":{"start":{"line":6,"column":4},"end":{"line":6,"column":23}},"decorator":"api","value":{"type":"unresolved"}},{"type":"property","name":"fields","loc":{"start":{"line":7,"column":4},"end":{"line":7,"column":62}}}],"exports":[{"type":"ExportDefaultDeclaration"}]},"updatedAt":"2023-05-09T07:41:48.000Z"},{"_allAttributes":null,"_properties":null,"_methods":null,"file":"/Users/gaurav.setia/Documents/VS Code/lwc-recipes-main/force-app/main/default/lwc/recordFormStaticContact/recordFormStaticContact.js","metadata":{"decorators":[{"type":"api","targets":[{"type":"property","name":"recordId","value":{"type":"unresolved"}},{"type":"property","name":"objectApiName","value":{"type":"unresolved"}}]}],"declarationLoc":{"start":{"line":9,"column":0},"end":{"line":15,"column":1}},"classMembers":[{"type":"property","name":"recordId","loc":{"start":{"line":11,"column":4},"end":{"line":11,"column":18}},"decorator":"api","value":{"type":"unresolved"}},{"type":"property","name":"objectApiName","loc":{"start":{"line":12,"column":4},"end":{"line":12,"column":23}},"decorator":"api","value":{"type":"unresolved"}},{"type":"property","name":"fields","loc":{"start":{"line":14,"column":4},"end":{"line":14,"column":80}}}],"exports":[{"type":"ExportDefaultDeclaration"}]},"updatedAt":"2023-05-09T07:41:48.000Z"},{"_allAttributes":null,"_properties":null,"_methods":null,"file":"/Users/gaurav.setia/Documents/VS Code/lwc-recipes-main/force-app/main/default/lwc/recordViewFormDynamicContact/recordViewFormDynamicContact.js","metadata":{"decorators":[{"type":"api","targets":[{"type":"property","name":"recordId","value":{"type":"unresolved"}},{"type":"property","name":"objectApiName","value":{"type":"unresolved"}}]}],"declarationLoc":{"start":{"line":3,"column":0},"end":{"line":7,"column":1}},"classMembers":[{"type":"property","name":"recordId","loc":{"start":{"line":5,"column":4},"end":{"line":5,"column":18}},"decorator":"api","value":{"type":"unresolved"}},{"type":"property","name":"objectApiName","loc":{"start":{"line":6,"column":4},"end":{"line":6,"column":23}},"decorator":"api","value":{"type":"unresolved"}}],"exports":[{"type":"ExportDefaultDeclaration"}]},"updatedAt":"2023-05-09T07:41:48.000Z"},{"_allAttributes":null,"_properties":null,"_methods":null,"file":"/Users/gaurav.setia/Documents/VS Code/lwc-recipes-main/force-app/main/default/lwc/recordViewFormStaticContact/recordViewFormStaticContact.js","metadata":{"decorators":[{"type":"api","targets":[{"type":"property","name":"recordId","value":{"type":"unresolved"}},{"type":"property","name":"objectApiName","value":{"type":"unresolved"}}]}],"declarationLoc":{"start":{"line":9,"column":0},"end":{"line":20,"column":1}},"classMembers":[{"type":"property","name":"accountField","loc":{"start":{"line":11,"column":4},"end":{"line":11,"column":33}}},{"type":"property","name":"nameField","loc":{"start":{"line":12,"column":4},"end":{"line":12,"column":27}}},{"type":"property","name":"titleField","loc":{"start":{"line":13,"column":4},"end":{"line":13,"column":29}}},{"type":"property","name":"phoneField","loc":{"start":{"line":14,"column":4},"end":{"line":14,"column":29}}},{"type":"property","name":"emailField","loc":{"start":{"line":15,"column":4},"end":{"line":15,"column":29}}},{"type":"property","name":"recordId","loc":{"start":{"line":18,"column":4},"end":{"line":18,"column":18}},"decorator":"api","value":{"type":"unresolved"}},{"type":"property","name":"objectApiName","loc":{"start":{"line":19,"column":4},"end":{"line":19,"column":23}},"decorator":"api","value":{"type":"unresolved"}}],"exports":[{"type":"ExportDefaultDeclaration"}]},"updatedAt":"2023-05-09T07:41:48.000Z"},{"_allAttributes":null,"_properties":null,"_methods":null,"file":"/Users/gaurav.setia/Documents/VS Code/lwc-recipes-main/force-app/main/default/lwc/todoList/todoList.js","metadata":{"decorators":[{"type":"api","targets":[{"type":"property","name":"todos"}]}],"declarationLoc":{"start":{"line":3,"column":0},"end":{"line":37,"column":1}},"classMembers":[{"type":"property","name":"filteredTodos","loc":{"start":{"line":8,"column":4},"end":{"line":8,"column":23}}},{"type":"property","name":"priorityFilter","loc":{"start":{"line":12,"column":4},"end":{"line":12,"column":27}}},{"type":"property","name":"todos","loc":{"start":{"line":14,"column":4},"end":{"line":17,"column":5}},"decorator":"api"},{"type":"method","name":"filterTodos","loc":{"start":{"line":23,"column":4},"end":{"line":31,"column":5}}},{"type":"method","name":"handleCheckboxChange","loc":{"start":{"line":33,"column":4},"end":{"line":36,"column":5}}}],"exports":[{"type":"ExportDefaultDeclaration"}]},"updatedAt":"2023-05-09T07:41:48.000Z"},{"_allAttributes":null,"_properties":null,"_methods":null,"file":"/Users/gaurav.setia/Documents/VS Code/lwc-recipes-main/force-app/main/default/lwc/viewSource/viewSource.js","metadata":{"decorators":[{"type":"api","targets":[{"type":"property","name":"source","value":{"type":"unresolved"}}]}],"declarationLoc":{"start":{"line":3,"column":0},"end":{"line":12,"column":1}},"classMembers":[{"type":"property","name":"baseURL","loc":{"start":{"line":4,"column":4},"end":{"line":5,"column":89}}},{"type":"property","name":"source","loc":{"start":{"line":7,"column":4},"end":{"line":7,"column":16}},"decorator":"api","value":{"type":"unresolved"}},{"type":"property","name":"sourceURL","loc":{"start":{"line":9,"column":4},"end":{"line":11,"column":5}}}],"exports":[{"type":"ExportDefaultDeclaration"}]},"updatedAt":"2023-05-09T07:41:48.000Z"},{"_allAttributes":null,"_properties":null,"_methods":null,"file":"/Users/gaurav.setia/Documents/VS Code/lwc-recipes-main/force-app/main/default/lwc/wireCurrentPageReference/wireCurrentPageReference.js","metadata":{"decorators":[{"type":"wire","targets":[{"name":"pageRef","adapter":{"name":"CurrentPageReference","reference":"lightning/navigation"},"type":"property"}]}],"declarationLoc":{"start":{"line":4,"column":0},"end":{"line":10,"column":1}},"classMembers":[{"type":"property","name":"pageRef","loc":{"start":{"line":5,"column":4},"end":{"line":5,"column":40}},"decorator":"wire"},{"type":"property","name":"currentPageReference","loc":{"start":{"line":7,"column":4},"end":{"line":9,"column":5}}}],"exports":[{"type":"ExportDefaultDeclaration"}]},"updatedAt":"2023-05-09T07:41:48.000Z"},{"_allAttributes":null,"_properties":null,"_methods":null,"file":"/Users/gaurav.setia/Documents/VS Code/lwc-recipes-main/force-app/main/default/lwc/wireGetObjectInfo/wireGetObjectInfo.js","metadata":{"decorators":[{"type":"wire","targets":[{"name":"objectInfo","adapter":{"name":"getObjectInfo","reference":"lightning/uiObjectInfoApi"},"type":"property","static":{},"params":{"objectApiName":"objectApiName"}}]}],"declarationLoc":{"start":{"line":4,"column":0},"end":{"line":20,"column":1}},"classMembers":[{"type":"property","name":"objectApiName","loc":{"start":{"line":5,"column":4},"end":{"line":5,"column":18}}},{"type":"property","name":"objectInfo","loc":{"start":{"line":7,"column":4},"end":{"line":8,"column":15}},"decorator":"wire"},{"type":"method","name":"handleBtnClick","loc":{"start":{"line":10,"column":4},"end":{"line":13,"column":5}}},{"type":"property","name":"objectInfoStr","loc":{"start":{"line":15,"column":4},"end":{"line":19,"column":5}}}],"exports":[{"type":"ExportDefaultDeclaration"}]},"updatedAt":"2023-05-09T07:41:48.000Z"},{"_allAttributes":null,"_properties":null,"_methods":null,"file":"/Users/gaurav.setia/Documents/VS Code/lwc-recipes-main/force-app/main/default/lwc/wireGetPicklistValues/wireGetPicklistValues.js","metadata":{"decorators":[{"type":"wire","targets":[{"name":"picklistValues","adapter":{"name":"getPicklistValues","reference":"lightning/uiObjectInfoApi"},"type":"property","static":{"recordTypeId":{"type":"string","value":"012000000000000AAA"},"fieldApiName":{"value":"@salesforce/schema/Account.Type","type":"module"}},"params":{}}]}],"declarationLoc":{"start":{"line":5,"column":0},"end":{"line":11,"column":1}},"classMembers":[{"type":"property","name":"picklistValues","loc":{"start":{"line":6,"column":4},"end":{"line":10,"column":19}},"decorator":"wire"}],"exports":[{"type":"ExportDefaultDeclaration"}]},"updatedAt":"2023-05-09T07:41:48.000Z"},{"_allAttributes":null,"_properties":null,"_methods":null,"file":"/Users/gaurav.setia/Documents/VS Code/lwc-recipes-main/force-app/main/default/lwc/wireGetPicklistValuesByRecordType/wireGetPicklistValuesByRecordType.js","metadata":{"decorators":[{"type":"wire","targets":[{"name":"wiredValues","adapter":{"name":"getPicklistValuesByRecordType","reference":"lightning/uiObjectInfoApi"},"type":"method","static":{"objectApiName":{"value":"@salesforce/schema/Account","type":"module"},"recordTypeId":{"type":"string","value":"012000000000000AAA"}},"params":{}}]}],"declarationLoc":{"start":{"line":5,"column":0},"end":{"line":36,"column":1}},"classMembers":[{"type":"property","name":"treeModel","loc":{"start":{"line":6,"column":4},"end":{"line":6,"column":14}}},{"type":"property","name":"error","loc":{"start":{"line":7,"column":4},"end":{"line":7,"column":10}}},{"type":"method","name":"wiredValues","loc":{"start":{"line":9,"column":4},"end":{"line":21,"column":5}},"decorator":"wire"},{"type":"method","name":"buildTreeModel","loc":{"start":{"line":23,"column":4},"end":{"line":35,"column":5}}}],"exports":[{"type":"ExportDefaultDeclaration"}]},"updatedAt":"2023-05-09T07:41:48.000Z"},{"_allAttributes":null,"_properties":null,"_methods":null,"file":"/Users/gaurav.setia/Documents/VS Code/lwc-recipes-main/force-app/main/default/lwc/wireGetRecord/wireGetRecord.js","metadata":{"decorators":[{"type":"wire","targets":[{"name":"record","adapter":{"name":"getRecord","reference":"lightning/uiRecordApi"},"type":"property","static":{"fields":{"type":"unresolved","value":"array_expression"},"optionalFields":{"type":"unresolved","value":"array_expression"}},"params":{"recordId":"userId"}}]}],"declarationLoc":{"start":{"line":7,"column":0},"end":{"line":20,"column":1}},"classMembers":[{"type":"property","name":"userId","loc":{"start":{"line":8,"column":4},"end":{"line":8,"column":16}}},{"type":"property","name":"record","loc":{"start":{"line":10,"column":4},"end":{"line":15,"column":11}},"decorator":"wire"},{"type":"property","name":"recordStr","loc":{"start":{"line":17,"column":4},"end":{"line":19,"column":5}}}],"exports":[{"type":"ExportDefaultDeclaration"}]},"updatedAt":"2023-05-09T07:41:48.000Z"},{"_allAttributes":null,"_properties":null,"_methods":null,"file":"/Users/gaurav.setia/Documents/VS Code/lwc-recipes-main/force-app/main/default/lwc/wireGetRecordDynamicContact/wireGetRecordDynamicContact.js","metadata":{"decorators":[{"type":"api","targets":[{"type":"property","name":"recordId","value":{"type":"unresolved"}}]},{"type":"wire","targets":[{"name":"contact","adapter":{"name":"getRecord","reference":"lightning/uiRecordApi"},"type":"property","static":{"fields":{"type":"unresolved","value":"identifier"}},"params":{"recordId":"recordId"}}]}],"declarationLoc":{"start":{"line":11,"column":0},"end":{"line":32,"column":1}},"classMembers":[{"type":"property","name":"recordId","loc":{"start":{"line":12,"column":4},"end":{"line":12,"column":18}},"decorator":"api","value":{"type":"unresolved"}},{"type":"property","name":"contact","loc":{"start":{"line":14,"column":4},"end":{"line":15,"column":12}},"decorator":"wire"},{"type":"property","name":"name","loc":{"start":{"line":17,"column":4},"end":{"line":19,"column":5}}},{"type":"property","name":"title","loc":{"start":{"line":21,"column":4},"end":{"line":23,"column":5}}},{"type":"property","name":"phone","loc":{"start":{"line":25,"column":4},"end":{"line":27,"column":5}}},{"type":"property","name":"email","loc":{"start":{"line":29,"column":4},"end":{"line":31,"column":5}}}],"exports":[{"type":"ExportDefaultDeclaration"}]},"updatedAt":"2023-05-09T07:41:48.000Z"},{"_allAttributes":null,"_properties":null,"_methods":null,"file":"/Users/gaurav.setia/Documents/VS Code/lwc-recipes-main/force-app/main/default/lwc/wireGetRecordStaticContact/wireGetRecordStaticContact.js","metadata":{"decorators":[{"type":"api","targets":[{"type":"property","name":"recordId","value":{"type":"unresolved"}}]},{"type":"wire","targets":[{"name":"contact","adapter":{"name":"getRecord","reference":"lightning/uiRecordApi"},"type":"property","static":{"fields":{"type":"unresolved","value":"identifier"}},"params":{"recordId":"recordId"}}]}],"declarationLoc":{"start":{"line":11,"column":0},"end":{"line":32,"column":1}},"classMembers":[{"type":"property","name":"recordId","loc":{"start":{"line":12,"column":4},"end":{"line":12,"column":18}},"decorator":"api","value":{"type":"unresolved"}},{"type":"property","name":"contact","loc":{"start":{"line":14,"column":4},"end":{"line":15,"column":12}},"decorator":"wire"},{"type":"property","name":"name","loc":{"start":{"line":17,"column":4},"end":{"line":19,"column":5}}},{"type":"property","name":"title","loc":{"start":{"line":21,"column":4},"end":{"line":23,"column":5}}},{"type":"property","name":"phone","loc":{"start":{"line":25,"column":4},"end":{"line":27,"column":5}}},{"type":"property","name":"email","loc":{"start":{"line":29,"column":4},"end":{"line":31,"column":5}}}],"exports":[{"type":"ExportDefaultDeclaration"}]},"updatedAt":"2023-05-09T07:41:48.000Z"},{"_allAttributes":null,"_properties":null,"_methods":null,"file":"/Users/gaurav.setia/Documents/VS Code/lwc-recipes-main/force-app/main/default/lwc/wireGetRecordUser/wireGetRecordUser.js","metadata":{"decorators":[{"type":"wire","targets":[{"name":"user","adapter":{"name":"getRecord","reference":"lightning/uiRecordApi"},"type":"property","static":{"fields":{"type":"unresolved","value":"identifier"}},"params":{"recordId":"userId"}}]}],"declarationLoc":{"start":{"line":9,"column":0},"end":{"line":22,"column":1}},"classMembers":[{"type":"property","name":"userId","loc":{"start":{"line":10,"column":4},"end":{"line":10,"column":16}}},{"type":"property","name":"user","loc":{"start":{"line":12,"column":4},"end":{"line":13,"column":9}},"decorator":"wire"},{"type":"property","name":"name","loc":{"start":{"line":15,"column":4},"end":{"line":17,"column":5}}},{"type":"property","name":"email","loc":{"start":{"line":19,"column":4},"end":{"line":21,"column":5}}}],"exports":[{"type":"ExportDefaultDeclaration"}]},"updatedAt":"2023-05-09T07:41:48.000Z"},{"_allAttributes":null,"_properties":null,"_methods":null,"file":"/Users/gaurav.setia/Documents/VS Code/lwc-recipes-main/force-app/main/default/lwc/wireGetRecords/wireGetRecords.js","metadata":{"decorators":[{"type":"wire","targets":[{"name":"wiredContacts","adapter":{"name":"getContactList","reference":"@salesforce/apex/ContactController.getContactList"},"type":"method"},{"name":"recordResults","adapter":{"name":"getRecords","reference":"lightning/uiRecordApi"},"type":"property","static":{},"params":{"records":"records"}}]}],"declarationLoc":{"start":{"line":7,"column":0},"end":{"line":36,"column":1}},"classMembers":[{"type":"property","name":"records","loc":{"start":{"line":8,"column":4},"end":{"line":8,"column":12}}},{"type":"method","name":"wiredContacts","loc":{"start":{"line":10,"column":4},"end":{"line":24,"column":5}},"decorator":"wire"},{"type":"property","name":"recordResults","loc":{"start":{"line":26,"column":4},"end":{"line":29,"column":18}},"decorator":"wire"},{"type":"property","name":"recordStr","loc":{"start":{"line":31,"column":4},"end":{"line":35,"column":5}}}],"exports":[{"type":"ExportDefaultDeclaration"}]},"updatedAt":"2023-05-09T07:41:48.000Z"},{"_allAttributes":null,"_properties":null,"_methods":null,"file":"/Users/gaurav.setia/Documents/VS Code/lwc-recipes-main/force-app/main/default/lwc/wireGetRecordsDifferentTypes/wireGetRecordsDifferentTypes.js","metadata":{"decorators":[{"type":"wire","targets":[{"name":"wiredAccounts","adapter":{"name":"getAccountList","reference":"@salesforce/apex/AccountController.getAccountList"},"type":"method"},{"name":"wiredContacts","adapter":{"name":"getContactList","reference":"@salesforce/apex/ContactController.getContactList"},"type":"method"},{"name":"recordResults","adapter":{"name":"getRecords","reference":"lightning/uiRecordApi"},"type":"property","static":{},"params":{"records":"records"}}]}],"declarationLoc":{"start":{"line":9,"column":0},"end":{"line":60,"column":1}},"classMembers":[{"type":"property","name":"records","loc":{"start":{"line":10,"column":4},"end":{"line":10,"column":17}}},{"type":"method","name":"wiredAccounts","loc":{"start":{"line":12,"column":4},"end":{"line":28,"column":5}},"decorator":"wire"},{"type":"method","name":"wiredContacts","loc":{"start":{"line":30,"column":4},"end":{"line":48,"column":5}},"decorator":"wire"},{"type":"property","name":"recordResults","loc":{"start":{"line":50,"column":4},"end":{"line":53,"column":18}},"decorator":"wire"},{"type":"property","name":"recordStr","loc":{"start":{"line":55,"column":4},"end":{"line":59,"column":5}}}],"exports":[{"type":"ExportDefaultDeclaration"}]},"updatedAt":"2023-05-09T07:41:48.000Z"},{"_allAttributes":null,"_properties":null,"_methods":null,"file":"/Users/gaurav.setia/Documents/VS Code/lwc-recipes-main/force-app/main/default/lwc/wireListView/wireListView.js","metadata":{"decorators":[{"type":"wire","targets":[{"name":"listView","adapter":{"name":"getListUi","reference":"lightning/uiListApi"},"type":"property","static":{"objectApiName":{"value":"@salesforce/schema/Contact","type":"module"},"listViewApiName":{"type":"string","value":"All_Recipes_Contacts"},"sortBy":{"value":"@salesforce/schema/Contact.Name","type":"module"},"pageSize":{"type":"number","value":10}},"params":{}}]}],"declarationLoc":{"start":{"line":7,"column":0},"end":{"line":19,"column":1}},"classMembers":[{"type":"property","name":"listView","loc":{"start":{"line":8,"column":4},"end":{"line":14,"column":13}},"decorator":"wire"},{"type":"property","name":"contacts","loc":{"start":{"line":16,"column":4},"end":{"line":18,"column":5}}}],"exports":[{"type":"ExportDefaultDeclaration"}]},"updatedAt":"2023-05-09T07:41:48.000Z"}]