<?xml version="1.0" encoding="UTF-8"?>
<Package xmlns="http://soap.sforce.com/2006/04/metadata">
    <types>
        <members>*</members>
        <name>CustomSite</name>
    </types>
    <types>
        <members>*</members>
        <name>ExperienceBundle</name>
    </types>
    <types>
        <members>*</members>
        <name>Network</name>
    </types>
    <types>
        <members>*</members>
        <name>Flow</name>
    </types>
    <types>
        <members>*</members>
        <name>SharingRules</name>
    </types>
    <types>
	      <members>*</members>
	      <name>NavigationMenu</name>
    </types>
    <version>55.0</version>
</Package>
