<?xml version="1.0" encoding="UTF-8" ?>
<CustomApplication xmlns="http://soap.sforce.com/2006/04/metadata">
    <actionOverrides>
        <actionName>View</actionName>
        <comment
        >Action override created by Lightning App Builder during activation.</comment>
        <content>Contact_Record_Page</content>
        <formFactor>Large</formFactor>
        <skipRecordTypeSelect>false</skipRecordTypeSelect>
        <type>Flexipage</type>
        <pageOrSobjectType>Contact</pageOrSobjectType>
    </actionOverrides>
    <brand>
        <headerColor>#0070D2</headerColor>
        <logo>recipes_sq_logo</logo>
        <logoVersion>1</logoVersion>
        <shouldOverrideOrgTheme>false</shouldOverrideOrgTheme>
    </brand>
    <description
    >Easy-to-digest code examples for Lightning Web Components</description>
    <formFactors>Large</formFactors>
    <isNavAutoTempTabsDisabled>false</isNavAutoTempTabsDisabled>
    <isNavPersonalizationDisabled>false</isNavPersonalizationDisabled>
    <isNavTabPersistenceDisabled>false</isNavTabPersistenceDisabled>
    <label>LWC Recipes</label>
    <navType>Standard</navType>
    <tabs>Hello</tabs>
    <tabs>Data_Service</tabs>
    <tabs>Datatable</tabs>
    <tabs>Apex</tabs>
    <tabs>standard-Contact</tabs>
    <tabs>Composition</tabs>
    <tabs>Events</tabs>
    <tabs>Parent_to_Child</tabs>
    <tabs>Message_Service</tabs>
    <tabs>Refresh_View</tabs>
    <tabs>Light_DOM</tabs>
    <tabs>Dynamic_Interactions</tabs>
    <tabs>Aura_Interoperability</tabs>
    <tabs>Wire</tabs>
    <tabs>Navigation</tabs>
    <tabs>Misc_Techniques</tabs>
    <tabs>X3rd_Party_Libs</tabs>
    <uiType>Lightning</uiType>
    <utilityBar>LWC_Recipes_UtilityBar</utilityBar>
</CustomApplication>
